ref,prix_ttc,prix_ht,description,family,scenario
B100,33500.0,32843.0,BICARBONATE SODIUM 25 Kg,INGREDIENTS,baisse_prix_soja_-10%
B1001,45950.0,45950.0,BICARBONATE 1Kg,INGREDIENTS,baisse_prix_soja_-10%
C101,36000.0,36000.0,BELGO 5% PONTE 50 Kg,CONCENTRES,baisse_prix_soja_-10%
C102,29500.0,29500.0,BELGO 10% PONTE 50 Kg,CONCENTRES,baisse_prix_soja_-10%
C103,39500.0,39500.0,BELGO 5% CHAIR 50 Kg,CONCENTRES,baisse_prix_soja_-10%
C104,32100.0,32100.0,BELGO 10% CHAIR 50Kg,CONCENTRES,baisse_prix_soja_-10%
C1042,36500.0,36500.0,BELGO 10% CHAIR 1 Kg,CONCENTRES,baisse_prix_soja_-10%
C1043,36490.0,36490.0,BELGO 10% CHAIR 5Kg,CONCENTRES,baisse_prix_soja_-10%
C1044,32900.0,32900.0,BELGO 10% CHAIR 25Kg,CONCENTRES,baisse_prix_soja_-10%
C105,27500.0,27500.0,BELGO 10% PORC 50 Kg,CONCENTRES,baisse_prix_soja_-10%
C1053,32000.0,32000.0,BELGO 10% PORC 1KG,CONCENTRES,baisse_prix_soja_-10%
C1054,29500.0,29500.0,BELGO 10% PORC 5Kg,CONCENTRES,baisse_prix_soja_-10%
C1055,28500.0,28500.0,BELGO 10% PORC 25Kg,CONCENTRES,baisse_prix_soja_-10%
C108,30000.0,30000.0,BELGO RUMINANT 50Kg,CONCENTRES,baisse_prix_soja_-10%
CB100,42000.0,42000.0,CHICK BOOSTER 25 Kg,ALIMENT_COMPLET,baisse_prix_soja_-10%
CB200,40000.0,40000.0,PIGLET BOOSTER 25Kg,ALIMENT_COMPLET,baisse_prix_soja_-10%
E101,60000.0,58824.0,BELGOTOX 25Kg,INGREDIENTS,baisse_prix_soja_-10%
E1011,61500.0,60294.0,BELGOTOX 1Kg,INGREDIENTS,baisse_prix_soja_-10%
E1014,708.0,708.0,BELGOTOX 200GRAMMES,INGREDIENTS,baisse_prix_soja_-10%
I105,35500.0,35500.0,SULFATE DE FER 25 Kg,INGREDIENTS,baisse_prix_soja_-10%
I1051,41000.0,41000.0,SULFATE DE FER 1 Kg,INGREDIENTS,baisse_prix_soja_-10%
M1051,12250.0,12250.0,MAIS,MAIS,baisse_prix_soja_-10%
T102,18540.0,18540.0,TOURTEAUX DE SOJA 50 KG,TOURTEAUX,baisse_prix_soja_-10%
T1021,20250.0,20250.0,TOURTEAUX DE SOJA 1Kg,TOURTEAUX,baisse_prix_soja_-10%
T1023,21501.0,21501.0,TOURTEAUX DE SOJA 5Kg,TOURTEAUX,baisse_prix_soja_-10%
T1024,20781.0,20781.0,TOURTEAUX DE SOJA 25Kg,TOURTEAUX,baisse_prix_soja_-10%
