ref,year_month,prix_ttc,prix_ht,n_records,total_sacs,total_ttc
B100,2025-01,34252.0,34252.0,33,46.0,1573050.0
B100,2025-02,33977.0,33977.0,35,42.0,1417450.0
B100,2025-03,34200.0,34200.0,33,84.0,2836250.0
B100,2025-04,34189.0,34189.0,28,28.5,965150.0
B100,2025-05,34409.0,34409.0,23,18.0,613550.0
B100,2025-06,34400.0,34400.0,37,34.5,1186900.0
B100,2025-07,34461.0,34461.0,28,26.5,909450.0
B100,2025-08,34291.0,34291.0,32,35.5,1210700.0
B100,2025-09,34236.0,34236.0,28,27.5,943650.0
B100,2025-10,34126.0,34126.0,35,33.0,1134000.0
B100,2025-11,34330.0,34330.0,27,27.0,934400.0
B100,2025-12,33897.0,33897.0,29,36.5,1230750.0
B100,2026-01,34061.0,34061.0,54,74.0,2513300.0
B100,2026-02,33945.0,33945.0,38,76.0,2579300.0
B100,2026-03,34203.0,34203.0,33,35.5,1206550.0
B100,2026-04,33704.0,33704.0,27,34.5,1160750.0
B100,2026-05,33795.0,33795.0,42,56.5,1900650.0
B100,2026-06,34025.0,33944.0,48,60.0,2028450.0
B100,2026-07,34000.0,33433.0,33,29.0,984600.0
B100,2026-08,34506.0,33957.0,36,38.0,1298450.0
B1001,2025-01,41825.0,41825.0,2,2.46,100849.0
B1001,2025-02,43367.0,43367.0,3,0.58,25053.0
B1001,2025-03,43475.0,43475.0,2,0.2,8695.0
B1001,2025-04,41900.0,41900.0,2,0.13999999999999999,6056.0
B1001,2025-05,43150.0,43150.0,2,1.28,55232.0
B1001,2025-06,44012.0,44012.0,4,0.72,31189.0
B1001,2025-07,43025.0,43025.0,8,2.34,101055.0
B1001,2025-08,43188.0,43188.0,4,0.54,23356.0
B1001,2025-09,43450.0,43450.0,6,0.22,9594.0
B1001,2025-10,43188.0,43188.0,4,0.24000000000000002,10411.0
B1001,2025-11,42912.0,42912.0,4,0.34,14400.0
B1001,2025-12,42525.0,42525.0,4,0.5,21579.0
B1001,2026-01,44856.0,44856.0,8,0.56,24913.0
B1001,2026-02,44488.0,44488.0,12,0.88,38675.0
B1001,2026-03,43600.0,43600.0,8,0.7000000000000001,30386.0
B1001,2026-04,44575.0,44575.0,8,0.6,26300.0
B1001,2026-05,45390.0,45390.0,5,0.45999999999999996,20465.0
B1001,2026-06,42233.0,42233.0,6,1.34,55000.0
B1001,2026-07,43850.0,43850.0,7,0.7600000000000001,31296.0
C101,2025-01,36215.0,36215.0,330,4591.0,165878940.0
C101,2025-02,36228.0,36228.0,298,4268.0,154214220.0
C101,2025-03,36174.0,36174.0,324,4578.0,165250320.0
C101,2025-04,36150.0,36150.0,387,5325.0,192198820.0
C101,2025-05,36133.0,36133.0,345,4795.0,173057320.0
C101,2025-06,36134.0,36134.0,350,4933.0,178115740.0
C101,2025-07,36134.0,36134.0,378,5288.0,190740610.0
C101,2025-08,36140.0,36140.0,377,5338.0,192704280.0
C101,2025-09,36138.0,36138.0,433,6193.0,223535850.0
C101,2025-10,36160.0,36160.0,449,5528.0,199699740.0
C101,2025-11,36132.0,36132.0,391,5747.0,207131230.0
C101,2025-12,36133.0,36133.0,493,5961.0,215140330.0
C101,2026-01,36148.0,36148.0,466,5396.0,194806890.0
C101,2026-02,36164.0,36164.0,437,5290.0,191076210.0
C101,2026-03,36157.0,36157.0,459,6034.0,217872030.0
C101,2026-04,36146.0,36146.0,479,5664.0,204516800.0
C101,2026-05,36147.0,36147.0,438,5481.0,197800330.0
C101,2026-06,36148.0,36148.0,506,6201.0,223878390.0
C101,2026-07,36157.0,36157.0,590,7940.0,286506730.0
C101,2026-08,36141.0,36141.0,612,7460.0,269080930.0
C102,2025-01,29533.0,29533.0,15,243.0,7168000.0
C102,2025-02,29399.0,29399.0,10,151.0,4448490.0
C102,2025-03,29045.0,29045.0,11,96.0,2811500.0
C102,2025-04,29150.0,29150.0,10,147.0,4277500.0
C102,2025-05,29233.0,29233.0,15,169.0,4949500.0
C102,2025-06,29200.0,29200.0,10,198.0,5809000.0
C102,2025-07,29294.0,29294.0,17,288.0,8453500.0
C102,2025-08,29132.0,29132.0,12,160.0,4660490.0
C102,2025-09,29200.0,29200.0,10,150.0,4359000.0
C102,2025-10,29429.0,29429.0,14,153.0,4547500.0
C102,2025-11,29389.0,29389.0,18,199.0,5866500.0
C102,2025-12,29592.0,29592.0,21,132.0,3885880.0
C102,2026-01,29656.0,29656.0,25,122.0,3611810.0
C102,2026-02,29706.0,29706.0,19,134.0,3936820.0
C102,2026-03,29745.0,29745.0,28,186.0,5466780.0
C102,2026-04,29803.0,29803.0,26,114.0,3352800.0
C102,2026-05,29330.0,29330.0,12,105.0,3028420.0
C102,2026-06,29498.0,29498.0,12,74.0,2155940.0
C102,2026-07,29114.0,29114.0,13,41.0,1192460.0
C102,2026-08,28975.0,28975.0,21,181.0,5189460.0
C103,2025-01,39618.0,39618.0,424,4755.0,188123310.0
C103,2025-02,39614.0,39614.0,371,4250.0,168128300.0
C103,2025-03,39609.0,39609.0,411,4217.0,166838860.0
C103,2025-04,39635.0,39635.0,465,4313.0,170788540.0
C103,2025-05,39617.0,39617.0,438,4253.0,168323810.0
C103,2025-06,39588.0,39588.0,410,3934.0,155655410.0
C103,2025-07,39607.0,39607.0,447,4220.0,166959740.0
C103,2025-08,39599.0,39599.0,361,3356.0,132779350.0
C103,2025-09,39594.0,39594.0,379,3490.0,138050910.0
C103,2025-10,39621.0,39621.0,432,3918.0,155026710.0
C103,2025-11,39627.0,39627.0,539,5496.0,217499460.0
C103,2025-12,39589.0,39589.0,622,5577.0,220609260.0
C103,2026-01,39638.0,39638.0,562,4930.0,195172270.0
C103,2026-02,39643.0,39643.0,496,4465.0,176817660.0
C103,2026-03,39604.0,39604.0,506,4476.0,177077540.0
C103,2026-04,39629.0,39629.0,508,4780.0,189139300.0
C103,2026-05,39607.0,39607.0,506,4420.0,174918930.0
C103,2026-06,39636.0,39636.0,534,4317.0,170922410.0
C103,2026-07,39602.0,39602.0,665,5423.0,214632480.0
C103,2026-08,39657.0,39657.0,595,4596.0,182079800.0
C104,2025-01,32030.0,32030.0,901,15542.0,496664320.0
C104,2025-02,32045.0,32045.0,770,13395.0,427949200.0
C104,2025-03,32017.0,32017.0,836,13474.0,430130990.0
C104,2025-04,31998.0,31998.0,847,13759.0,439264970.0
C104,2025-05,32002.0,32002.0,843,13803.0,440608490.0
C104,2025-06,31979.0,31979.0,814,13938.0,444863330.0
C104,2025-07,31988.0,31988.0,884,15416.0,492114270.0
C104,2025-08,32020.0,32020.0,698,12225.0,390623430.0
C104,2025-09,32036.0,32036.0,735,12304.0,392657300.0
C104,2025-10,32039.0,32039.0,866,13504.0,431685320.0
C104,2025-11,31969.0,31969.0,991,17038.0,542961080.0
C104,2025-12,31975.0,31975.0,1140,18189.0,580245380.0
C104,2026-01,32000.0,32000.0,1073,15967.0,509942880.0
C104,2026-02,32009.0,32009.0,932,13776.0,439885470.0
C104,2026-03,31990.0,31990.0,970,14631.0,466899280.0
C104,2026-04,32035.0,32035.0,995,14051.0,448917120.0
C104,2026-05,31988.0,31988.0,992,13042.0,416501450.0
C104,2026-06,32001.0,32001.0,1084,14118.0,451112720.0
C104,2026-07,31974.0,31974.0,1277,16191.0,517174860.0
C104,2026-08,32000.0,32000.0,1095,12392.0,395620210.0
C1042,2025-01,36517.0,36517.0,12,28.0,1023000.0
C1042,2025-02,36467.0,36467.0,6,7.0,255400.0
C1042,2025-03,36500.0,36500.0,10,24.0,875800.0
C1042,2025-04,36467.0,36467.0,6,11.0,400900.0
C1042,2025-05,36467.0,36467.0,6,11.0,400800.0
C1042,2025-06,36457.0,36457.0,7,9.32,339848.0
C1042,2025-07,36488.0,36488.0,8,20.0,729500.0
C1042,2025-08,36400.0,36400.0,2,2.0,72800.0
C1042,2025-09,36467.0,36467.0,6,12.0,437400.0
C1042,2025-10,36477.0,36477.0,13,30.0,1094300.0
C1042,2025-11,36478.0,36478.0,18,41.54,1515556.0
C1042,2025-12,36450.0,36450.0,12,19.06,695084.0
C1042,2026-01,36478.0,36478.0,9,13.06,476184.0
C1042,2026-02,36486.0,36486.0,7,21.0,766100.0
C1042,2026-03,36450.0,36450.0,4,6.0,218800.0
C1042,2026-04,36471.0,36471.0,7,13.0,473900.0
C1042,2026-05,36500.0,36500.0,5,8.02,293228.0
C1042,2026-06,36480.0,36480.0,5,14.0,510500.0
C1042,2026-07,36517.0,36517.0,6,14.0,511600.0
C1042,2026-08,36467.0,36467.0,3,5.0,182400.0
C1043,2025-01,34324.0,34324.0,19,50.5,1721662.0
C1043,2025-02,34224.0,34224.0,20,32.1,1092746.0
C1043,2025-03,34146.0,34146.0,28,37.4,1272972.0
C1043,2025-04,34083.0,34083.0,18,31.2,1060308.0
C1043,2025-05,33973.0,33973.0,22,35.6,1210760.0
C1043,2025-06,34191.0,34191.0,27,37.0,1258491.0
C1043,2025-07,34151.0,34151.0,23,62.3,2118025.0
C1043,2025-08,34330.0,34330.0,31,27.4,933586.0
C1043,2025-09,35271.0,35271.0,39,35.6,1217530.0
C1043,2025-10,34826.0,34826.0,34,46.2,1574676.0
C1043,2025-11,34852.0,34852.0,38,78.6,2676970.0
C1043,2025-12,34731.0,34731.0,29,49.0,1668156.0
C1043,2026-01,34850.0,34850.0,26,30.5,1040671.0
C1043,2026-02,35345.0,35345.0,22,35.5,1214279.0
C1043,2026-03,34668.0,34668.0,17,36.2,1231653.0
C1043,2026-04,34049.0,34049.0,12,27.5,934877.0
C1043,2026-05,34792.0,34792.0,11,6.2,212256.0
C1043,2026-06,34228.0,34228.0,17,38.4,1306035.0
C1043,2026-07,34559.0,34559.0,18,30.0,1021936.0
C1043,2026-08,34498.0,34498.0,4,5.1000000000000005,173826.0
C1044,2025-01,33153.0,33153.0,9,18.5,612590.0
C1044,2025-02,33113.0,33113.0,7,10.0,331045.0
C1044,2025-03,32860.0,32860.0,5,6.0,197650.0
C1044,2025-04,32967.0,32967.0,3,8.5,280450.0
C1044,2025-05,33622.0,33622.0,4,4.0,133245.0
C1044,2025-06,33797.0,33797.0,3,5.5,182695.0
C1044,2025-07,32950.0,32950.0,4,9.0,296900.0
C1044,2025-08,33382.0,33382.0,6,10.5,347645.0
C1044,2025-09,34148.0,34148.0,22,18.0,606625.0
C1044,2025-10,34051.0,34051.0,14,34.5,1145710.0
C1044,2025-11,34220.0,34220.0,8,16.0,532680.0
C1044,2025-12,34260.0,34260.0,12,14.5,485910.0
C1044,2026-01,33796.0,33796.0,10,34.0,1125930.0
C1044,2026-02,32950.0,32950.0,2,8.0,263950.0
C1044,2026-03,34560.0,34560.0,6,3.0,103680.0
C1044,2026-04,32725.0,32725.0,4,6.0,195450.0
C1044,2026-05,34494.0,34494.0,5,14.0,470715.0
C1044,2026-06,34627.0,34627.0,3,1.5,51940.0
C1044,2026-07,32760.0,32760.0,5,4.5,146900.0
C1044,2026-08,32950.0,32950.0,2,5.5,181450.0
C105,2025-01,27495.0,27495.0,305,4464.0,122624730.0
C105,2025-02,27485.0,27485.0,301,4204.0,115375680.0
C105,2025-03,27495.0,27495.0,341,4632.0,127094070.0
C105,2025-04,27496.0,27496.0,360,4969.0,136428120.0
C105,2025-05,27482.0,27482.0,343,4593.0,126042380.0
C105,2025-06,27456.0,27456.0,329,4336.0,118844450.0
C105,2025-07,27480.0,27480.0,358,4616.0,126667820.0
C105,2025-08,27479.0,27479.0,309,4015.0,110115810.0
C105,2025-09,27472.0,27472.0,342,4241.0,116357430.0
C105,2025-10,27487.0,27487.0,354,4060.0,111481810.0
C105,2025-11,27447.0,27447.0,353,4291.0,117686690.0
C105,2025-12,27434.0,27434.0,385,4009.0,109974500.0
C105,2026-01,27463.0,27463.0,394,4016.0,110218930.0
C105,2026-02,27449.0,27449.0,326,3561.0,97794390.0
C105,2026-03,27475.0,27475.0,357,3650.0,100299940.0
C105,2026-04,27493.0,27493.0,411,4171.0,114435440.0
C105,2026-05,27472.0,27472.0,360,3664.0,100644890.0
C105,2026-06,27482.0,27482.0,383,3703.0,101708350.0
C105,2026-07,27449.0,27449.0,476,4804.0,131709990.0
C105,2026-08,27472.0,27472.0,433,3651.0,100138720.0
C1053,2025-01,32000.0,32000.0,36,98.0,3136000.0
C1053,2025-02,32000.0,32000.0,19,35.0,1120000.0
C1053,2025-03,32000.0,32000.0,25,76.0,2432000.0
C1053,2025-04,32000.0,32000.0,27,70.38,2252160.0
C1053,2025-05,32000.0,32000.0,25,60.0,1920000.0
C1053,2025-06,32000.0,32000.0,20,68.3,2185600.0
C1053,2025-07,32000.0,32000.0,26,63.0,2016000.0
C1053,2025-08,32000.0,32000.0,13,40.0,1280000.0
C1053,2025-09,32000.0,32000.0,16,41.0,1312000.0
C1053,2025-10,32000.0,32000.0,13,26.0,832000.0
C1053,2025-11,32000.0,32000.0,13,32.0,1024000.0
C1053,2025-12,32000.0,32000.0,13,39.0,1248000.0
C1053,2026-01,32000.0,32000.0,19,38.480000000000004,1231360.0
C1053,2026-02,32000.0,32000.0,17,67.0,2144000.0
C1053,2026-03,32000.0,32000.0,18,49.3,1577600.0
C1053,2026-04,32000.0,32000.0,26,55.1,1763200.0
C1053,2026-05,32000.0,32000.0,9,15.120000000000001,483840.0
C1053,2026-06,32000.0,32000.0,6,20.0,640000.0
C1053,2026-07,32000.0,32000.0,7,13.32,426240.0
C1053,2026-08,32000.0,32000.0,7,26.0,832000.0
C1054,2025-01,29488.0,29488.0,40,166.3,4902400.0
C1054,2025-02,29500.0,29500.0,39,131.0,3861450.0
C1054,2025-03,29500.0,29500.0,50,146.9,4331400.0
C1054,2025-04,29500.0,29500.0,42,189.1,5577100.0
C1054,2025-05,29511.0,29511.0,45,129.8,3829600.0
C1054,2025-06,29488.0,29488.0,43,145.8,4300600.0
C1054,2025-07,29477.0,29477.0,44,146.1,4308950.0
C1054,2025-08,29486.0,29486.0,36,105.4,3108950.0
C1054,2025-09,29469.0,29469.0,32,140.8,4152100.0
C1054,2025-10,29500.0,29500.0,40,114.4,3374349.0
C1054,2025-11,29484.0,29484.0,31,106.4,3138800.0
C1054,2025-12,29471.0,29471.0,35,99.5,2933750.0
C1054,2026-01,29500.0,29500.0,35,107.5,3171250.0
C1054,2026-02,29500.0,29500.0,11,19.8,584100.0
C1054,2026-03,29500.0,29500.0,1,0.8,23600.0
C1054,2026-04,29500.0,29500.0,1,0.4,11800.0
C1054,2026-05,29500.0,29500.0,6,4.5,132750.0
C1054,2026-06,29450.0,29450.0,20,92.3,2721350.0
C1054,2026-07,29471.0,29471.0,17,72.2,2129400.0
C1054,2026-08,29500.0,29500.0,28,72.2,2129449.0
C1055,2025-01,29100.0,29100.0,5,14.0,400500.0
C1055,2025-02,28500.0,28500.0,2,12.5,356250.0
C1055,2025-03,28995.0,28995.0,2,1.0,28995.0
C1055,2025-04,28500.0,28500.0,2,8.0,228000.0
C1055,2025-05,29122.0,29122.0,4,5.5,161730.0
C1055,2025-06,28500.0,28500.0,6,12.5,356250.0
C1055,2025-07,28500.0,28500.0,2,13.5,384750.0
C1055,2025-08,28500.0,28500.0,4,9.0,256500.0
C1055,2025-09,29490.0,29490.0,1,0.5,14745.0
C1055,2025-10,28500.0,28500.0,1,0.5,14250.0
C1055,2025-11,28500.0,28500.0,3,12.5,356250.0
C1055,2025-12,28500.0,28500.0,1,0.5,14250.0
C1055,2026-01,29745.0,29745.0,2,3.5,100995.0
C1055,2026-02,28500.0,28500.0,1,10.0,285000.0
C1055,2026-03,30990.0,30990.0,1,0.5,15495.0
C1055,2026-04,29330.0,29330.0,3,6.0,172245.0
C1055,2026-05,28998.0,28998.0,5,12.0,343245.0
C1055,2026-06,28500.0,28500.0,3,1.5,42750.0
C1055,2026-07,29660.0,29660.0,3,1.5,44490.0
C1055,2026-08,28500.0,28500.0,2,5.5,156750.0
C108,2026-04,30000.0,30000.0,1,1.0,30000.0
CB100,2025-01,42095.0,42095.0,179,559.0,23512650.0
CB100,2025-02,42142.0,42142.0,98,240.0,10096710.0
CB100,2025-03,42217.0,42217.0,53,101.5,4275000.0
CB100,2025-04,42015.0,42015.0,132,381.5,16030000.0
CB100,2025-05,42075.0,42075.0,153,454.5,19108460.0
CB100,2025-06,42103.0,42103.0,131,284.5,11972200.0
CB100,2025-07,42127.0,42127.0,130,324.5,13657990.0
CB100,2025-08,43140.0,43140.0,282,541.0,23074460.0
CB100,2025-09,43105.0,43105.0,288,760.5,32376310.0
CB100,2025-10,42372.0,42372.0,160,571.5,24083630.0
CB100,2025-11,42253.0,42253.0,167,548.0,23087960.0
CB100,2025-12,42464.0,42464.0,166,418.0,17637790.0
CB100,2026-01,42284.0,42284.0,177,650.5,27418140.0
CB100,2026-02,42318.0,42312.0,156,602.0,25358290.0
CB100,2026-03,42203.0,42203.0,144,501.5,21107450.0
CB100,2026-04,42211.0,42211.0,142,533.0,22452190.0
CB100,2026-05,42083.0,42083.0,144,628.5,26416410.0
CB100,2026-06,42309.0,42309.0,151,530.0,22335870.0
CB100,2026-07,42223.0,42223.0,198,673.0,28333930.0
CB100,2026-08,42136.0,42136.0,182,633.5,26649920.0
CB200,2025-01,40099.0,40099.0,151,346.0,13854150.0
CB200,2025-02,40113.0,40113.0,53,109.0,4372240.0
CB200,2025-03,40095.0,40095.0,89,345.5,13829200.0
CB200,2025-04,40128.0,40128.0,82,336.5,13468000.0
CB200,2025-05,40065.0,40065.0,115,481.0,19245750.0
CB200,2025-06,40082.0,40082.0,103,295.0,11809490.0
CB200,2025-07,40048.0,40048.0,146,345.5,13827200.0
CB200,2025-08,40074.0,40074.0,107,269.0,10770190.0
CB200,2025-09,40097.0,40097.0,112,481.0,19251910.0
CB200,2025-10,40069.0,40069.0,86,291.0,11642970.0
CB200,2025-11,40047.0,40047.0,128,490.0,19604740.0
CB200,2025-12,40023.0,40023.0,130,401.0,16042990.0
CB200,2026-01,40035.0,40035.0,129,590.5,23622480.0
CB200,2026-02,40032.0,40032.0,139,614.5,24583470.0
CB200,2026-03,40016.0,40016.0,151,677.5,27103470.0
CB200,2026-04,40041.0,40041.0,157,627.0,25097110.0
CB200,2026-05,40043.0,40043.0,150,574.5,22985720.0
CB200,2026-06,40057.0,40057.0,140,737.5,29508910.0
CB200,2026-07,40032.0,40032.0,157,636.5,25462480.0
CB200,2026-08,40044.0,40044.0,56,201.5,8061490.0
E101,2025-01,70911.0,70911.0,199,171.0,12139600.0
E101,2025-02,70887.0,70887.0,168,158.0,11114350.0
E101,2025-03,70865.0,70865.0,175,145.0,10267100.0
E101,2025-04,70915.0,70915.0,177,144.0,10201000.0
E101,2025-05,70904.0,70904.0,130,112.5,7978650.0
E101,2025-06,70831.0,70831.0,87,72.0,5103600.0
E101,2025-07,67368.0,67368.0,136,146.0,9848150.0
E101,2025-08,58592.0,58592.0,162,201.5,11798400.0
E101,2025-09,58542.0,58542.0,199,180.5,10558750.0
E101,2025-10,58566.0,58566.0,176,241.0,14102700.0
E101,2025-11,58598.0,58598.0,172,184.5,10797900.0
E101,2025-12,58548.0,58548.0,192,222.5,13018000.0
E101,2026-01,58578.0,58578.0,198,237.0,13858050.0
E101,2026-02,58463.0,58463.0,171,267.5,15597300.0
E101,2026-03,58622.0,58622.0,202,175.0,10256850.0
E101,2026-04,58627.0,58627.0,236,190.0,11136800.0
E101,2026-05,58579.0,58579.0,187,170.0,9949300.0
E101,2026-06,58569.0,58376.0,214,195.0,11416600.0
E101,2026-07,58551.0,57755.0,215,195.0,11409850.0
E101,2026-08,58644.0,57722.0,167,192.0,11233050.0
E1011,2025-01,74686.0,74686.0,58,30.4,2266516.0
E1011,2025-02,74890.0,74890.0,63,23.56,1773527.0
E1011,2025-03,74308.0,74308.0,58,23.599999999999998,1750582.0
E1011,2025-04,74599.0,74599.0,53,14.38,1084186.0
E1011,2025-05,74449.0,74449.0,59,21.9,1626406.0
E1011,2025-06,73652.0,73652.0,58,24.94,1845614.0
E1011,2025-07,71708.0,71708.0,43,13.86,1018442.0
E1011,2025-08,62282.0,62282.0,66,18.62,1151842.0
E1011,2025-09,62340.0,62340.0,86,27.1,1675744.0
E1011,2025-10,62076.0,62076.0,79,24.8,1527966.0
E1011,2025-11,61997.0,61997.0,68,19.16,1178522.0
E1011,2025-12,61993.0,61993.0,85,24.3,1502450.0
E1011,2026-01,61993.0,61993.0,72,18.26,1125936.0
E1011,2026-02,62020.0,62020.0,54,9.68,596070.0
E1011,2026-03,61693.0,61693.0,27,2.6,159858.0
E1011,2026-04,61948.0,61948.0,29,6.22,382430.0
E1011,2026-05,61981.0,61981.0,58,21.34,1313628.0
E1011,2026-06,61997.0,61885.0,65,14.24,879388.0
E1011,2026-07,61974.0,61151.0,65,12.28,757054.0
E1011,2026-08,62007.0,60857.0,55,21.42,1321334.0
E1014,2025-01,704.0,704.0,1,0.5,352.0
E1014,2025-02,704.0,704.0,1,0.5,352.0
E1014,2025-03,706.0,706.0,2,1.0,706.0
E1014,2025-04,705.0,705.0,4,6.5,4596.0
E1014,2025-05,704.0,704.0,2,1.5,1056.0
E1014,2025-06,708.0,708.0,1,21.5,15222.0
I105,2025-01,38000.0,38000.0,3,2.0,76000.0
I105,2026-03,35600.0,35600.0,26,22.5,801000.0
I105,2026-04,35770.0,35770.0,33,26.5,947300.0
I105,2026-05,35768.0,35768.0,31,25.0,897650.0
I105,2026-06,35626.0,35626.0,23,17.0,604950.0
I105,2026-07,35820.0,35820.0,20,15.0,535450.0
I105,2026-08,35548.0,35548.0,25,24.0,853350.0
I1051,2025-01,41612.0,41612.0,49,36.46,1505775.0
I1051,2025-02,41550.0,41550.0,40,38.44,1586090.0
I1051,2025-03,41652.0,41652.0,33,18.58,769615.0
I1051,2025-04,41669.0,41669.0,31,16.86,700415.0
I1051,2025-05,41917.0,41917.0,21,10.0,416440.0
I1051,2025-06,41897.0,41897.0,46,24.68,1024710.0
I1051,2025-07,41824.0,41824.0,34,20.66,858000.0
I1051,2025-08,41967.0,41967.0,23,10.36,432080.0
I1051,2025-09,42367.0,42367.0,15,3.46,145770.0
I1051,2025-10,42643.0,42643.0,14,6.2,260200.0
I1051,2025-11,42262.0,42262.0,21,8.42,353830.0
I1051,2025-12,42852.0,42852.0,27,8.52,364890.0
I1051,2026-01,42091.0,42091.0,22,10.0,419140.0
I1051,2026-02,41719.0,41719.0,32,18.94,793380.0
I1051,2026-03,41518.0,41518.0,14,8.959999999999999,367895.0
I1051,2026-04,41769.0,41769.0,13,10.46,433800.0
I1051,2026-05,41750.0,41750.0,8,5.08,209680.0
I1051,2026-06,42111.0,42111.0,9,1.16,48000.0
I1051,2026-07,41542.0,41542.0,12,5.62,232430.0
I1051,2026-08,41500.0,40804.0,11,3.7600000000000002,156800.0
M1051,2025-03,12500.0,12500.0,2,1200.0,15000000.0
M1051,2025-04,12375.0,12375.0,4,1900.0,23525000.0
M1051,2025-05,12250.0,12250.0,1,400.0,4900000.0
T102,2025-01,18900.0,18900.0,1665,60420.0,1135449510.0
T102,2025-02,18567.0,18567.0,1399,62297.0,1144549160.0
T102,2025-03,18367.0,18367.0,1426,58720.0,1068362220.0
T102,2025-04,17936.0,17936.0,1682,70579.0,1253322650.0
T102,2025-05,17748.0,17748.0,1575,62736.0,1105232570.0
T102,2025-06,17403.0,17403.0,1313,53317.0,921218240.0
T102,2025-07,17236.0,17236.0,1277,53704.0,917058100.0
T102,2025-08,16916.0,16916.0,1397,57063.0,941465320.0
T102,2025-09,16641.0,16641.0,1522,59855.0,971279400.0
T102,2025-10,15442.0,15442.0,2047,137807.0,2104901600.0
T102,2025-11,16278.0,16278.0,1769,92582.0,1471191170.0
T102,2025-12,16575.0,16575.0,2621,122341.0,2014185430.0
T102,2026-01,16596.0,16596.0,2425,100880.0,1664924430.0
T102,2026-02,16489.0,16489.0,1831,71014.0,1161664170.0
T102,2026-03,16085.0,16085.0,1830,70082.0,1120356470.0
T102,2026-04,15683.0,15683.0,2032,81720.0,1272385370.0
T102,2026-05,15674.0,15674.0,2133,95387.0,1484759230.0
T102,2026-06,16989.0,16989.0,2581,138594.0,2335868870.0
T102,2026-07,18762.0,18762.0,2524,146754.0,2726011110.0
T102,2026-08,20496.0,20496.0,1488,60774.0,1245326840.0
T1021,2025-07,21200.0,21200.0,1,0.04,848.0
T1021,2025-08,21683.0,21683.0,24,4.0,86716.0
T1021,2025-09,21500.0,21500.0,15,1.1400000000000001,24498.0
T1021,2026-01,21200.0,21200.0,2,0.12000000000000001,2504.0
T1021,2026-04,22500.0,22500.0,1,0.06,1350.0
T1021,2026-05,22500.0,22500.0,1,0.06,1350.0
T1023,2025-01,21950.0,21950.0,2,1.9,41880.0
T1023,2025-02,21083.0,21083.0,6,3.5,74440.0
T1023,2025-03,21125.0,21125.0,4,2.2,47330.0
T1023,2025-04,22595.0,22595.0,4,2.6,57354.0
T1023,2025-05,21232.0,21232.0,6,4.4,94499.0
T1023,2025-06,20760.0,20760.0,8,3.1,64707.0
T1023,2025-07,21595.0,21595.0,2,3.2,66318.0
T1023,2025-08,20659.0,20659.0,54,12.4,251257.0
T1023,2025-09,20359.0,20359.0,78,17.7,355723.0
T1023,2025-10,20394.0,20394.0,9,3.1,61438.0
T1023,2025-11,20709.0,20709.0,7,10.4,198672.0
T1023,2025-12,20955.0,20955.0,8,1.2,25251.0
T1023,2026-01,20164.0,20164.0,14,2.0,40753.0
T1023,2026-02,20659.0,20659.0,9,1.4000000000000001,28421.0
T1023,2026-03,20352.0,20352.0,12,3.5,69435.0
T1023,2026-04,19729.0,19729.0,9,1.9,37134.0
T1023,2026-05,19877.0,19877.0,6,1.3,25434.0
T1023,2026-06,20927.0,20927.0,6,1.6,33948.0
T1023,2026-07,21715.0,21715.0,17,3.7,79647.0
T1023,2026-08,21796.0,21796.0,5,5.499999999999999,113247.0
T1024,2025-01,20270.0,20270.0,10,28.5,567350.0
T1024,2025-02,20075.0,20075.0,4,3.0,60750.0
T1024,2025-03,20238.0,20238.0,8,13.0,254650.0
T1024,2025-04,20256.0,20256.0,9,6.0,121650.0
T1024,2025-05,19518.0,19518.0,11,6.0,117050.0
T1024,2025-06,19372.0,19372.0,4,2.0,38745.0
T1024,2025-07,18000.0,18000.0,2,10.0,180000.0
T1024,2025-08,20010.0,20010.0,23,21.0,396365.0
T1024,2025-09,20004.0,20004.0,31,15.5,310065.0
T1024,2025-10,18652.0,18652.0,9,56.0,993085.0
T1024,2025-11,20064.0,20064.0,7,17.5,315225.0
T1024,2025-12,19644.0,19644.0,10,5.0,98220.0
T1024,2026-01,18868.0,18868.0,12,15.5,279460.0
T1024,2026-02,19175.0,19175.0,6,3.0,57525.0
T1024,2026-03,19690.0,19690.0,3,2.0,40080.0
T1024,2026-04,18712.0,18712.0,5,2.5,46780.0
T1024,2026-05,18642.0,18642.0,4,2.0,37285.0
T1024,2026-06,17567.0,17567.0,3,11.0,192600.0
T1024,2026-07,18763.0,18763.0,3,6.0,107345.0
T1024,2026-08,23090.0,23090.0,4,2.0,46180.0
