agence,region,scenario,taux_bascule,produit_spc,description,categorie,format,sacs_50_eq,unites_commander,sacs_soja_substitue
Famla,Ouest,prudent,10%,BM1,BM1 ALIMENT CHAIR,CHAIR,5kg,394.3,3943.0,2668.0
Famla,Ouest,prudent,10%,BM1,BM1 ALIMENT CHAIR,CHAIR,10kg,920.1,4600.0,2668.0
Famla,Ouest,prudent,10%,BM2,BM2 ALIMENT CHAIR,CHAIR,5kg,519.4,5194.0,2668.0
Famla,Ouest,prudent,10%,BM2,BM2 ALIMENT CHAIR,CHAIR,10kg,1211.9,6059.0,2668.0
Famla,Ouest,prudent,10%,BM3,BM3 ALIMENT CHAIR,CHAIR,5kg,468.7,4687.0,2668.0
Famla,Ouest,prudent,10%,BM3,BM3 ALIMENT CHAIR,CHAIR,10kg,1093.6,5468.0,2668.0
Famla,Ouest,prudent,10%,BM1E,BM1 EXTRA,CHAIR,5kg,92.7,927.0,2668.0
Famla,Ouest,prudent,10%,BM1E,BM1 EXTRA,CHAIR,10kg,216.3,1082.0,2668.0
Famla,Ouest,prudent,10%,AM1,AM1 ALIMENT PONTE,PONTE,5kg,274.9,2749.0,2668.0
Famla,Ouest,prudent,10%,AM1,AM1 ALIMENT PONTE,PONTE,10kg,641.4,3207.0,2668.0
Famla,Ouest,prudent,10%,AM2,AM2 ALIMENT PONTE,PONTE,5kg,34.7,347.0,2668.0
Famla,Ouest,prudent,10%,AM2,AM2 ALIMENT PONTE,PONTE,10kg,80.9,404.0,2668.0
Famla,Ouest,prudent,10%,AM3,AM3 ALIMENT PONTE,PONTE,5kg,616.8,6168.0,2668.0
Famla,Ouest,prudent,10%,AM3,AM3 ALIMENT PONTE,PONTE,10kg,1439.1,7196.0,2668.0
Famla,Ouest,realiste,30%,BM1,BM1 ALIMENT CHAIR,CHAIR,5kg,1182.9,11829.0,8005.0
Famla,Ouest,realiste,30%,BM1,BM1 ALIMENT CHAIR,CHAIR,10kg,2760.2,13801.0,8005.0
Famla,Ouest,realiste,30%,BM2,BM2 ALIMENT CHAIR,CHAIR,5kg,1558.1,15581.0,8005.0
Famla,Ouest,realiste,30%,BM2,BM2 ALIMENT CHAIR,CHAIR,10kg,3635.6,18178.0,8005.0
Famla,Ouest,realiste,30%,BM3,BM3 ALIMENT CHAIR,CHAIR,5kg,1406.0,14060.0,8005.0
Famla,Ouest,realiste,30%,BM3,BM3 ALIMENT CHAIR,CHAIR,10kg,3280.7,16404.0,8005.0
Famla,Ouest,realiste,30%,BM1E,BM1 EXTRA,CHAIR,5kg,278.1,2781.0,8005.0
Famla,Ouest,realiste,30%,BM1E,BM1 EXTRA,CHAIR,10kg,649.0,3245.0,8005.0
Famla,Ouest,realiste,30%,AM1,AM1 ALIMENT PONTE,PONTE,5kg,824.7,8247.0,8005.0
Famla,Ouest,realiste,30%,AM1,AM1 ALIMENT PONTE,PONTE,10kg,1924.2,9621.0,8005.0
Famla,Ouest,realiste,30%,AM2,AM2 ALIMENT PONTE,PONTE,5kg,104.0,1040.0,8005.0
Famla,Ouest,realiste,30%,AM2,AM2 ALIMENT PONTE,PONTE,10kg,242.6,1213.0,8005.0
Famla,Ouest,realiste,30%,AM3,AM3 ALIMENT PONTE,PONTE,5kg,1850.3,18503.0,8005.0
Famla,Ouest,realiste,30%,AM3,AM3 ALIMENT PONTE,PONTE,10kg,4317.4,21587.0,8005.0
Famla,Ouest,optimiste,50%,BM1,BM1 ALIMENT CHAIR,CHAIR,5kg,1971.6,19716.0,13341.0
Famla,Ouest,optimiste,50%,BM1,BM1 ALIMENT CHAIR,CHAIR,10kg,4600.3,23002.0,13341.0
Famla,Ouest,optimiste,50%,BM2,BM2 ALIMENT CHAIR,CHAIR,5kg,2596.9,25969.0,13341.0
Famla,Ouest,optimiste,50%,BM2,BM2 ALIMENT CHAIR,CHAIR,10kg,6059.3,30297.0,13341.0
Famla,Ouest,optimiste,50%,BM3,BM3 ALIMENT CHAIR,CHAIR,5kg,2343.4,23434.0,13341.0
Famla,Ouest,optimiste,50%,BM3,BM3 ALIMENT CHAIR,CHAIR,10kg,5467.9,27339.0,13341.0
Famla,Ouest,optimiste,50%,BM1E,BM1 EXTRA,CHAIR,5kg,463.5,4635.0,13341.0
Famla,Ouest,optimiste,50%,BM1E,BM1 EXTRA,CHAIR,10kg,1081.6,5408.0,13341.0
Famla,Ouest,optimiste,50%,AM1,AM1 ALIMENT PONTE,PONTE,5kg,1374.5,13745.0,13341.0
Famla,Ouest,optimiste,50%,AM1,AM1 ALIMENT PONTE,PONTE,10kg,3207.1,16035.0,13341.0
Famla,Ouest,optimiste,50%,AM2,AM2 ALIMENT PONTE,PONTE,5kg,173.3,1733.0,13341.0
Famla,Ouest,optimiste,50%,AM2,AM2 ALIMENT PONTE,PONTE,10kg,404.3,2021.0,13341.0
Famla,Ouest,optimiste,50%,AM3,AM3 ALIMENT PONTE,PONTE,5kg,3083.9,30839.0,13341.0
Famla,Ouest,optimiste,50%,AM3,AM3 ALIMENT PONTE,PONTE,10kg,7195.7,35978.0,13341.0
Ndobo,Littoral,prudent,10%,BM1,BM1 ALIMENT CHAIR,CHAIR,5kg,254.0,2540.0,1145.0
Ndobo,Littoral,prudent,10%,BM1,BM1 ALIMENT CHAIR,CHAIR,10kg,592.6,2963.0,1145.0
Ndobo,Littoral,prudent,10%,BM2,BM2 ALIMENT CHAIR,CHAIR,5kg,334.5,3345.0,1145.0
Ndobo,Littoral,prudent,10%,BM2,BM2 ALIMENT CHAIR,CHAIR,10kg,780.5,3903.0,1145.0
Ndobo,Littoral,prudent,10%,BM3,BM3 ALIMENT CHAIR,CHAIR,5kg,301.9,3019.0,1145.0
Ndobo,Littoral,prudent,10%,BM3,BM3 ALIMENT CHAIR,CHAIR,10kg,704.4,3522.0,1145.0
Ndobo,Littoral,prudent,10%,BM1E,BM1 EXTRA,CHAIR,5kg,59.7,597.0,1145.0
Ndobo,Littoral,prudent,10%,BM1E,BM1 EXTRA,CHAIR,10kg,139.3,697.0,1145.0
Ndobo,Littoral,prudent,10%,AM1,AM1 ALIMENT PONTE,PONTE,5kg,23.8,238.0,1145.0
Ndobo,Littoral,prudent,10%,AM1,AM1 ALIMENT PONTE,PONTE,10kg,55.5,278.0,1145.0
Ndobo,Littoral,prudent,10%,AM2,AM2 ALIMENT PONTE,PONTE,5kg,3.0,30.0,1145.0
Ndobo,Littoral,prudent,10%,AM2,AM2 ALIMENT PONTE,PONTE,10kg,7.0,35.0,1145.0
Ndobo,Littoral,prudent,10%,AM3,AM3 ALIMENT PONTE,PONTE,5kg,53.4,534.0,1145.0
Ndobo,Littoral,prudent,10%,AM3,AM3 ALIMENT PONTE,PONTE,10kg,124.5,623.0,1145.0
Ndobo,Littoral,realiste,30%,BM1,BM1 ALIMENT CHAIR,CHAIR,5kg,761.9,7619.0,3434.0
Ndobo,Littoral,realiste,30%,BM1,BM1 ALIMENT CHAIR,CHAIR,10kg,1777.8,8889.0,3434.0
Ndobo,Littoral,realiste,30%,BM2,BM2 ALIMENT CHAIR,CHAIR,5kg,1003.6,10036.0,3434.0
Ndobo,Littoral,realiste,30%,BM2,BM2 ALIMENT CHAIR,CHAIR,10kg,2341.6,11708.0,3434.0
Ndobo,Littoral,realiste,30%,BM3,BM3 ALIMENT CHAIR,CHAIR,5kg,905.6,9056.0,3434.0
Ndobo,Littoral,realiste,30%,BM3,BM3 ALIMENT CHAIR,CHAIR,10kg,2113.1,10565.0,3434.0
Ndobo,Littoral,realiste,30%,BM1E,BM1 EXTRA,CHAIR,5kg,179.1,1791.0,3434.0
Ndobo,Littoral,realiste,30%,BM1E,BM1 EXTRA,CHAIR,10kg,418.0,2090.0,3434.0
Ndobo,Littoral,realiste,30%,AM1,AM1 ALIMENT PONTE,PONTE,5kg,71.4,714.0,3434.0
Ndobo,Littoral,realiste,30%,AM1,AM1 ALIMENT PONTE,PONTE,10kg,166.5,833.0,3434.0
Ndobo,Littoral,realiste,30%,AM2,AM2 ALIMENT PONTE,PONTE,5kg,9.0,90.0,3434.0
Ndobo,Littoral,realiste,30%,AM2,AM2 ALIMENT PONTE,PONTE,10kg,21.0,105.0,3434.0
Ndobo,Littoral,realiste,30%,AM3,AM3 ALIMENT PONTE,PONTE,5kg,160.1,1601.0,3434.0
Ndobo,Littoral,realiste,30%,AM3,AM3 ALIMENT PONTE,PONTE,10kg,373.6,1868.0,3434.0
Ndobo,Littoral,optimiste,50%,BM1,BM1 ALIMENT CHAIR,CHAIR,5kg,1269.8,12698.0,5724.0
Ndobo,Littoral,optimiste,50%,BM1,BM1 ALIMENT CHAIR,CHAIR,10kg,2963.0,14815.0,5724.0
Ndobo,Littoral,optimiste,50%,BM2,BM2 ALIMENT CHAIR,CHAIR,5kg,1672.6,16726.0,5724.0
Ndobo,Littoral,optimiste,50%,BM2,BM2 ALIMENT CHAIR,CHAIR,10kg,3902.7,19514.0,5724.0
Ndobo,Littoral,optimiste,50%,BM3,BM3 ALIMENT CHAIR,CHAIR,5kg,1509.3,15093.0,5724.0
Ndobo,Littoral,optimiste,50%,BM3,BM3 ALIMENT CHAIR,CHAIR,10kg,3521.8,17609.0,5724.0
Ndobo,Littoral,optimiste,50%,BM1E,BM1 EXTRA,CHAIR,5kg,298.6,2986.0,5724.0
Ndobo,Littoral,optimiste,50%,BM1E,BM1 EXTRA,CHAIR,10kg,696.6,3483.0,5724.0
Ndobo,Littoral,optimiste,50%,AM1,AM1 ALIMENT PONTE,PONTE,5kg,118.9,1189.0,5724.0
Ndobo,Littoral,optimiste,50%,AM1,AM1 ALIMENT PONTE,PONTE,10kg,277.5,1388.0,5724.0
Ndobo,Littoral,optimiste,50%,AM2,AM2 ALIMENT PONTE,PONTE,5kg,15.0,150.0,5724.0
Ndobo,Littoral,optimiste,50%,AM2,AM2 ALIMENT PONTE,PONTE,10kg,35.0,175.0,5724.0
Ndobo,Littoral,optimiste,50%,AM3,AM3 ALIMENT PONTE,PONTE,5kg,266.9,2669.0,5724.0
Ndobo,Littoral,optimiste,50%,AM3,AM3 ALIMENT PONTE,PONTE,10kg,622.7,3113.0,5724.0
Messassi,Centre,prudent,10%,BM1,BM1 ALIMENT CHAIR,CHAIR,5kg,165.7,1657.0,770.0
Messassi,Centre,prudent,10%,BM1,BM1 ALIMENT CHAIR,CHAIR,10kg,386.7,1934.0,770.0
Messassi,Centre,prudent,10%,BM2,BM2 ALIMENT CHAIR,CHAIR,5kg,218.3,2183.0,770.0
Messassi,Centre,prudent,10%,BM2,BM2 ALIMENT CHAIR,CHAIR,10kg,509.4,2547.0,770.0
Messassi,Centre,prudent,10%,BM3,BM3 ALIMENT CHAIR,CHAIR,5kg,197.0,1970.0,770.0
Messassi,Centre,prudent,10%,BM3,BM3 ALIMENT CHAIR,CHAIR,10kg,459.6,2298.0,770.0
Messassi,Centre,prudent,10%,BM1E,BM1 EXTRA,CHAIR,5kg,39.0,390.0,770.0
Messassi,Centre,prudent,10%,BM1E,BM1 EXTRA,CHAIR,10kg,90.9,455.0,770.0
Messassi,Centre,prudent,10%,AM1,AM1 ALIMENT PONTE,PONTE,5kg,21.8,218.0,770.0
Messassi,Centre,prudent,10%,AM1,AM1 ALIMENT PONTE,PONTE,10kg,50.9,254.0,770.0
Messassi,Centre,prudent,10%,AM2,AM2 ALIMENT PONTE,PONTE,5kg,2.7,27.0,770.0
Messassi,Centre,prudent,10%,AM2,AM2 ALIMENT PONTE,PONTE,10kg,6.4,32.0,770.0
Messassi,Centre,prudent,10%,AM3,AM3 ALIMENT PONTE,PONTE,5kg,48.9,489.0,770.0
Messassi,Centre,prudent,10%,AM3,AM3 ALIMENT PONTE,PONTE,10kg,114.2,571.0,770.0
Messassi,Centre,realiste,30%,BM1,BM1 ALIMENT CHAIR,CHAIR,5kg,497.2,4972.0,2312.0
Messassi,Centre,realiste,30%,BM1,BM1 ALIMENT CHAIR,CHAIR,10kg,1160.1,5801.0,2312.0
Messassi,Centre,realiste,30%,BM2,BM2 ALIMENT CHAIR,CHAIR,5kg,654.9,6549.0,2312.0
Messassi,Centre,realiste,30%,BM2,BM2 ALIMENT CHAIR,CHAIR,10kg,1528.1,7640.0,2312.0
Messassi,Centre,realiste,30%,BM3,BM3 ALIMENT CHAIR,CHAIR,5kg,591.0,5910.0,2312.0
Messassi,Centre,realiste,30%,BM3,BM3 ALIMENT CHAIR,CHAIR,10kg,1378.9,6895.0,2312.0
Messassi,Centre,realiste,30%,BM1E,BM1 EXTRA,CHAIR,5kg,116.9,1169.0,2312.0
Messassi,Centre,realiste,30%,BM1E,BM1 EXTRA,CHAIR,10kg,272.8,1364.0,2312.0
Messassi,Centre,realiste,30%,AM1,AM1 ALIMENT PONTE,PONTE,5kg,65.4,654.0,2312.0
Messassi,Centre,realiste,30%,AM1,AM1 ALIMENT PONTE,PONTE,10kg,152.6,763.0,2312.0
Messassi,Centre,realiste,30%,AM2,AM2 ALIMENT PONTE,PONTE,5kg,8.2,82.0,2312.0
Messassi,Centre,realiste,30%,AM2,AM2 ALIMENT PONTE,PONTE,10kg,19.2,96.0,2312.0
Messassi,Centre,realiste,30%,AM3,AM3 ALIMENT PONTE,PONTE,5kg,146.8,1468.0,2312.0
Messassi,Centre,realiste,30%,AM3,AM3 ALIMENT PONTE,PONTE,10kg,342.5,1712.0,2312.0
Messassi,Centre,optimiste,50%,BM1,BM1 ALIMENT CHAIR,CHAIR,5kg,828.7,8287.0,3852.0
Messassi,Centre,optimiste,50%,BM1,BM1 ALIMENT CHAIR,CHAIR,10kg,1933.5,9668.0,3852.0
Messassi,Centre,optimiste,50%,BM2,BM2 ALIMENT CHAIR,CHAIR,5kg,1091.5,10915.0,3852.0
Messassi,Centre,optimiste,50%,BM2,BM2 ALIMENT CHAIR,CHAIR,10kg,2546.8,12734.0,3852.0
Messassi,Centre,optimiste,50%,BM3,BM3 ALIMENT CHAIR,CHAIR,5kg,984.9,9849.0,3852.0
Messassi,Centre,optimiste,50%,BM3,BM3 ALIMENT CHAIR,CHAIR,10kg,2298.2,11491.0,3852.0
Messassi,Centre,optimiste,50%,BM1E,BM1 EXTRA,CHAIR,5kg,194.8,1948.0,3852.0
Messassi,Centre,optimiste,50%,BM1E,BM1 EXTRA,CHAIR,10kg,454.6,2273.0,3852.0
Messassi,Centre,optimiste,50%,AM1,AM1 ALIMENT PONTE,PONTE,5kg,109.0,1090.0,3852.0
Messassi,Centre,optimiste,50%,AM1,AM1 ALIMENT PONTE,PONTE,10kg,254.4,1272.0,3852.0
Messassi,Centre,optimiste,50%,AM2,AM2 ALIMENT PONTE,PONTE,5kg,13.7,137.0,3852.0
Messassi,Centre,optimiste,50%,AM2,AM2 ALIMENT PONTE,PONTE,10kg,32.1,160.0,3852.0
Messassi,Centre,optimiste,50%,AM3,AM3 ALIMENT PONTE,PONTE,5kg,244.6,2446.0,3852.0
Messassi,Centre,optimiste,50%,AM3,AM3 ALIMENT PONTE,PONTE,10kg,570.8,2854.0,3852.0
Djeleng,Ouest,prudent,10%,BM1,BM1 ALIMENT CHAIR,CHAIR,5kg,120.4,1204.0,731.0
Djeleng,Ouest,prudent,10%,BM1,BM1 ALIMENT CHAIR,CHAIR,10kg,281.0,1405.0,731.0
Djeleng,Ouest,prudent,10%,BM2,BM2 ALIMENT CHAIR,CHAIR,5kg,158.6,1586.0,731.0
Djeleng,Ouest,prudent,10%,BM2,BM2 ALIMENT CHAIR,CHAIR,10kg,370.1,1850.0,731.0
Djeleng,Ouest,prudent,10%,BM3,BM3 ALIMENT CHAIR,CHAIR,5kg,143.1,1431.0,731.0
Djeleng,Ouest,prudent,10%,BM3,BM3 ALIMENT CHAIR,CHAIR,10kg,334.0,1670.0,731.0
Djeleng,Ouest,prudent,10%,BM1E,BM1 EXTRA,CHAIR,5kg,28.3,283.0,731.0
Djeleng,Ouest,prudent,10%,BM1E,BM1 EXTRA,CHAIR,10kg,66.1,330.0,731.0
Djeleng,Ouest,prudent,10%,AM1,AM1 ALIMENT PONTE,PONTE,5kg,61.7,617.0,731.0
Djeleng,Ouest,prudent,10%,AM1,AM1 ALIMENT PONTE,PONTE,10kg,143.9,719.0,731.0
Djeleng,Ouest,prudent,10%,AM2,AM2 ALIMENT PONTE,PONTE,5kg,7.8,78.0,731.0
Djeleng,Ouest,prudent,10%,AM2,AM2 ALIMENT PONTE,PONTE,10kg,18.1,91.0,731.0
Djeleng,Ouest,prudent,10%,AM3,AM3 ALIMENT PONTE,PONTE,5kg,138.4,1384.0,731.0
Djeleng,Ouest,prudent,10%,AM3,AM3 ALIMENT PONTE,PONTE,10kg,322.8,1614.0,731.0
Djeleng,Ouest,realiste,30%,BM1,BM1 ALIMENT CHAIR,CHAIR,5kg,361.2,3612.0,2194.0
Djeleng,Ouest,realiste,30%,BM1,BM1 ALIMENT CHAIR,CHAIR,10kg,842.9,4215.0,2194.0
Djeleng,Ouest,realiste,30%,BM2,BM2 ALIMENT CHAIR,CHAIR,5kg,475.8,4758.0,2194.0
Djeleng,Ouest,realiste,30%,BM2,BM2 ALIMENT CHAIR,CHAIR,10kg,1110.2,5551.0,2194.0
Djeleng,Ouest,realiste,30%,BM3,BM3 ALIMENT CHAIR,CHAIR,5kg,429.4,4294.0,2194.0
Djeleng,Ouest,realiste,30%,BM3,BM3 ALIMENT CHAIR,CHAIR,10kg,1001.9,5009.0,2194.0
Djeleng,Ouest,realiste,30%,BM1E,BM1 EXTRA,CHAIR,5kg,84.9,849.0,2194.0
Djeleng,Ouest,realiste,30%,BM1E,BM1 EXTRA,CHAIR,10kg,198.2,991.0,2194.0
Djeleng,Ouest,realiste,30%,AM1,AM1 ALIMENT PONTE,PONTE,5kg,185.0,1850.0,2194.0
Djeleng,Ouest,realiste,30%,AM1,AM1 ALIMENT PONTE,PONTE,10kg,431.7,2158.0,2194.0
Djeleng,Ouest,realiste,30%,AM2,AM2 ALIMENT PONTE,PONTE,5kg,23.3,233.0,2194.0
Djeleng,Ouest,realiste,30%,AM2,AM2 ALIMENT PONTE,PONTE,10kg,54.4,272.0,2194.0
Djeleng,Ouest,realiste,30%,AM3,AM3 ALIMENT PONTE,PONTE,5kg,415.1,4151.0,2194.0
Djeleng,Ouest,realiste,30%,AM3,AM3 ALIMENT PONTE,PONTE,10kg,968.5,4843.0,2194.0
Djeleng,Ouest,optimiste,50%,BM1,BM1 ALIMENT CHAIR,CHAIR,5kg,602.1,6021.0,3657.0
Djeleng,Ouest,optimiste,50%,BM1,BM1 ALIMENT CHAIR,CHAIR,10kg,1404.8,7024.0,3657.0
Djeleng,Ouest,optimiste,50%,BM2,BM2 ALIMENT CHAIR,CHAIR,5kg,793.0,7930.0,3657.0
Djeleng,Ouest,optimiste,50%,BM2,BM2 ALIMENT CHAIR,CHAIR,10kg,1850.4,9252.0,3657.0
Djeleng,Ouest,optimiste,50%,BM3,BM3 ALIMENT CHAIR,CHAIR,5kg,715.6,7156.0,3657.0
Djeleng,Ouest,optimiste,50%,BM3,BM3 ALIMENT CHAIR,CHAIR,10kg,1669.8,8349.0,3657.0
Djeleng,Ouest,optimiste,50%,BM1E,BM1 EXTRA,CHAIR,5kg,141.6,1416.0,3657.0
Djeleng,Ouest,optimiste,50%,BM1E,BM1 EXTRA,CHAIR,10kg,330.3,1652.0,3657.0
Djeleng,Ouest,optimiste,50%,AM1,AM1 ALIMENT PONTE,PONTE,5kg,308.3,3083.0,3657.0
Djeleng,Ouest,optimiste,50%,AM1,AM1 ALIMENT PONTE,PONTE,10kg,719.5,3597.0,3657.0
Djeleng,Ouest,optimiste,50%,AM2,AM2 ALIMENT PONTE,PONTE,5kg,38.9,389.0,3657.0
Djeleng,Ouest,optimiste,50%,AM2,AM2 ALIMENT PONTE,PONTE,10kg,90.7,453.0,3657.0
Djeleng,Ouest,optimiste,50%,AM3,AM3 ALIMENT PONTE,PONTE,5kg,691.8,6918.0,3657.0
Djeleng,Ouest,optimiste,50%,AM3,AM3 ALIMENT PONTE,PONTE,10kg,1614.2,8071.0,3657.0
Mbouda,Ouest,prudent,10%,BM1,BM1 ALIMENT CHAIR,CHAIR,5kg,70.4,704.0,463.0
Mbouda,Ouest,prudent,10%,BM1,BM1 ALIMENT CHAIR,CHAIR,10kg,164.2,821.0,463.0
Mbouda,Ouest,prudent,10%,BM2,BM2 ALIMENT CHAIR,CHAIR,5kg,92.7,927.0,463.0
Mbouda,Ouest,prudent,10%,BM2,BM2 ALIMENT CHAIR,CHAIR,10kg,216.2,1081.0,463.0
Mbouda,Ouest,prudent,10%,BM3,BM3 ALIMENT CHAIR,CHAIR,5kg,83.6,836.0,463.0
Mbouda,Ouest,prudent,10%,BM3,BM3 ALIMENT CHAIR,CHAIR,10kg,195.1,976.0,463.0
Mbouda,Ouest,prudent,10%,BM1E,BM1 EXTRA,CHAIR,5kg,16.5,165.0,463.0
Mbouda,Ouest,prudent,10%,BM1E,BM1 EXTRA,CHAIR,10kg,38.6,193.0,463.0
Mbouda,Ouest,prudent,10%,AM1,AM1 ALIMENT PONTE,PONTE,5kg,45.5,455.0,463.0
Mbouda,Ouest,prudent,10%,AM1,AM1 ALIMENT PONTE,PONTE,10kg,106.2,531.0,463.0
Mbouda,Ouest,prudent,10%,AM2,AM2 ALIMENT PONTE,PONTE,5kg,5.7,57.0,463.0
Mbouda,Ouest,prudent,10%,AM2,AM2 ALIMENT PONTE,PONTE,10kg,13.4,67.0,463.0
Mbouda,Ouest,prudent,10%,AM3,AM3 ALIMENT PONTE,PONTE,5kg,102.1,1021.0,463.0
Mbouda,Ouest,prudent,10%,AM3,AM3 ALIMENT PONTE,PONTE,10kg,238.2,1191.0,463.0
Mbouda,Ouest,realiste,30%,BM1,BM1 ALIMENT CHAIR,CHAIR,5kg,211.1,2111.0,1388.0
Mbouda,Ouest,realiste,30%,BM1,BM1 ALIMENT CHAIR,CHAIR,10kg,492.5,2462.0,1388.0
Mbouda,Ouest,realiste,30%,BM2,BM2 ALIMENT CHAIR,CHAIR,5kg,278.0,2780.0,1388.0
Mbouda,Ouest,realiste,30%,BM2,BM2 ALIMENT CHAIR,CHAIR,10kg,648.7,3243.0,1388.0
Mbouda,Ouest,realiste,30%,BM3,BM3 ALIMENT CHAIR,CHAIR,5kg,250.9,2509.0,1388.0
Mbouda,Ouest,realiste,30%,BM3,BM3 ALIMENT CHAIR,CHAIR,10kg,585.3,2927.0,1388.0
Mbouda,Ouest,realiste,30%,BM1E,BM1 EXTRA,CHAIR,5kg,49.6,496.0,1388.0
Mbouda,Ouest,realiste,30%,BM1E,BM1 EXTRA,CHAIR,10kg,115.8,579.0,1388.0
Mbouda,Ouest,realiste,30%,AM1,AM1 ALIMENT PONTE,PONTE,5kg,136.5,1365.0,1388.0
Mbouda,Ouest,realiste,30%,AM1,AM1 ALIMENT PONTE,PONTE,10kg,318.5,1593.0,1388.0
Mbouda,Ouest,realiste,30%,AM2,AM2 ALIMENT PONTE,PONTE,5kg,17.2,172.0,1388.0
Mbouda,Ouest,realiste,30%,AM2,AM2 ALIMENT PONTE,PONTE,10kg,40.2,201.0,1388.0
Mbouda,Ouest,realiste,30%,AM3,AM3 ALIMENT PONTE,PONTE,5kg,306.3,3063.0,1388.0
Mbouda,Ouest,realiste,30%,AM3,AM3 ALIMENT PONTE,PONTE,10kg,714.7,3573.0,1388.0
Mbouda,Ouest,optimiste,50%,BM1,BM1 ALIMENT CHAIR,CHAIR,5kg,351.8,3518.0,2314.0
Mbouda,Ouest,optimiste,50%,BM1,BM1 ALIMENT CHAIR,CHAIR,10kg,820.8,4104.0,2314.0
Mbouda,Ouest,optimiste,50%,BM2,BM2 ALIMENT CHAIR,CHAIR,5kg,463.3,4633.0,2314.0
Mbouda,Ouest,optimiste,50%,BM2,BM2 ALIMENT CHAIR,CHAIR,10kg,1081.1,5405.0,2314.0
Mbouda,Ouest,optimiste,50%,BM3,BM3 ALIMENT CHAIR,CHAIR,5kg,418.1,4181.0,2314.0
Mbouda,Ouest,optimiste,50%,BM3,BM3 ALIMENT CHAIR,CHAIR,10kg,975.6,4878.0,2314.0
Mbouda,Ouest,optimiste,50%,BM1E,BM1 EXTRA,CHAIR,5kg,82.7,827.0,2314.0
Mbouda,Ouest,optimiste,50%,BM1E,BM1 EXTRA,CHAIR,10kg,193.0,965.0,2314.0
Mbouda,Ouest,optimiste,50%,AM1,AM1 ALIMENT PONTE,PONTE,5kg,227.5,2275.0,2314.0
Mbouda,Ouest,optimiste,50%,AM1,AM1 ALIMENT PONTE,PONTE,10kg,530.9,2654.0,2314.0
Mbouda,Ouest,optimiste,50%,AM2,AM2 ALIMENT PONTE,PONTE,5kg,28.7,287.0,2314.0
Mbouda,Ouest,optimiste,50%,AM2,AM2 ALIMENT PONTE,PONTE,10kg,66.9,335.0,2314.0
Mbouda,Ouest,optimiste,50%,AM3,AM3 ALIMENT PONTE,PONTE,5kg,510.5,5105.0,2314.0
Mbouda,Ouest,optimiste,50%,AM3,AM3 ALIMENT PONTE,PONTE,10kg,1191.2,5956.0,2314.0
Pk11,Littoral,prudent,10%,BM1,BM1 ALIMENT CHAIR,CHAIR,5kg,97.0,970.0,413.0
Pk11,Littoral,prudent,10%,BM1,BM1 ALIMENT CHAIR,CHAIR,10kg,226.3,1131.0,413.0
Pk11,Littoral,prudent,10%,BM2,BM2 ALIMENT CHAIR,CHAIR,5kg,127.7,1277.0,413.0
Pk11,Littoral,prudent,10%,BM2,BM2 ALIMENT CHAIR,CHAIR,10kg,298.1,1490.0,413.0
Pk11,Littoral,prudent,10%,BM3,BM3 ALIMENT CHAIR,CHAIR,5kg,115.3,1153.0,413.0
Pk11,Littoral,prudent,10%,BM3,BM3 ALIMENT CHAIR,CHAIR,10kg,269.0,1345.0,413.0
Pk11,Littoral,prudent,10%,BM1E,BM1 EXTRA,CHAIR,5kg,22.8,228.0,413.0
Pk11,Littoral,prudent,10%,BM1E,BM1 EXTRA,CHAIR,10kg,53.2,266.0,413.0
Pk11,Littoral,prudent,10%,AM1,AM1 ALIMENT PONTE,PONTE,5kg,2.8,28.0,413.0
Pk11,Littoral,prudent,10%,AM1,AM1 ALIMENT PONTE,PONTE,10kg,6.4,32.0,413.0
Pk11,Littoral,prudent,10%,AM2,AM2 ALIMENT PONTE,PONTE,5kg,0.3,3.0,413.0
Pk11,Littoral,prudent,10%,AM2,AM2 ALIMENT PONTE,PONTE,10kg,0.8,4.0,413.0
Pk11,Littoral,prudent,10%,AM3,AM3 ALIMENT PONTE,PONTE,5kg,6.2,62.0,413.0
Pk11,Littoral,prudent,10%,AM3,AM3 ALIMENT PONTE,PONTE,10kg,14.4,72.0,413.0
Pk11,Littoral,realiste,30%,BM1,BM1 ALIMENT CHAIR,CHAIR,5kg,290.9,2909.0,1240.0
Pk11,Littoral,realiste,30%,BM1,BM1 ALIMENT CHAIR,CHAIR,10kg,678.9,3394.0,1240.0
Pk11,Littoral,realiste,30%,BM2,BM2 ALIMENT CHAIR,CHAIR,5kg,383.2,3832.0,1240.0
Pk11,Littoral,realiste,30%,BM2,BM2 ALIMENT CHAIR,CHAIR,10kg,894.2,4471.0,1240.0
Pk11,Littoral,realiste,30%,BM3,BM3 ALIMENT CHAIR,CHAIR,5kg,345.8,3458.0,1240.0
Pk11,Littoral,realiste,30%,BM3,BM3 ALIMENT CHAIR,CHAIR,10kg,806.9,4034.0,1240.0
Pk11,Littoral,realiste,30%,BM1E,BM1 EXTRA,CHAIR,5kg,68.4,684.0,1240.0
Pk11,Littoral,realiste,30%,BM1E,BM1 EXTRA,CHAIR,10kg,159.6,798.0,1240.0
Pk11,Littoral,realiste,30%,AM1,AM1 ALIMENT PONTE,PONTE,5kg,8.3,83.0,1240.0
Pk11,Littoral,realiste,30%,AM1,AM1 ALIMENT PONTE,PONTE,10kg,19.3,96.0,1240.0
Pk11,Littoral,realiste,30%,AM2,AM2 ALIMENT PONTE,PONTE,5kg,1.0,10.0,1240.0
Pk11,Littoral,realiste,30%,AM2,AM2 ALIMENT PONTE,PONTE,10kg,2.4,12.0,1240.0
Pk11,Littoral,realiste,30%,AM3,AM3 ALIMENT PONTE,PONTE,5kg,18.5,185.0,1240.0
Pk11,Littoral,realiste,30%,AM3,AM3 ALIMENT PONTE,PONTE,10kg,43.2,216.0,1240.0
Pk11,Littoral,optimiste,50%,BM1,BM1 ALIMENT CHAIR,CHAIR,5kg,484.9,4849.0,2067.0
Pk11,Littoral,optimiste,50%,BM1,BM1 ALIMENT CHAIR,CHAIR,10kg,1131.4,5657.0,2067.0
Pk11,Littoral,optimiste,50%,BM2,BM2 ALIMENT CHAIR,CHAIR,5kg,638.7,6387.0,2067.0
Pk11,Littoral,optimiste,50%,BM2,BM2 ALIMENT CHAIR,CHAIR,10kg,1490.3,7451.0,2067.0
Pk11,Littoral,optimiste,50%,BM3,BM3 ALIMENT CHAIR,CHAIR,5kg,576.3,5763.0,2067.0
Pk11,Littoral,optimiste,50%,BM3,BM3 ALIMENT CHAIR,CHAIR,10kg,1344.8,6724.0,2067.0
Pk11,Littoral,optimiste,50%,BM1E,BM1 EXTRA,CHAIR,5kg,114.0,1140.0,2067.0
Pk11,Littoral,optimiste,50%,BM1E,BM1 EXTRA,CHAIR,10kg,266.0,1330.0,2067.0
Pk11,Littoral,optimiste,50%,AM1,AM1 ALIMENT PONTE,PONTE,5kg,13.8,138.0,2067.0
Pk11,Littoral,optimiste,50%,AM1,AM1 ALIMENT PONTE,PONTE,10kg,32.1,161.0,2067.0
Pk11,Littoral,optimiste,50%,AM2,AM2 ALIMENT PONTE,PONTE,5kg,1.7,17.0,2067.0
Pk11,Littoral,optimiste,50%,AM2,AM2 ALIMENT PONTE,PONTE,10kg,4.0,20.0,2067.0
Pk11,Littoral,optimiste,50%,AM3,AM3 ALIMENT PONTE,PONTE,5kg,30.9,309.0,2067.0
Pk11,Littoral,optimiste,50%,AM3,AM3 ALIMENT PONTE,PONTE,10kg,72.0,360.0,2067.0
Village,Littoral,prudent,10%,BM1,BM1 ALIMENT CHAIR,CHAIR,5kg,94.0,940.0,408.0
Village,Littoral,prudent,10%,BM1,BM1 ALIMENT CHAIR,CHAIR,10kg,219.4,1097.0,408.0
Village,Littoral,prudent,10%,BM2,BM2 ALIMENT CHAIR,CHAIR,5kg,123.8,1238.0,408.0
Village,Littoral,prudent,10%,BM2,BM2 ALIMENT CHAIR,CHAIR,10kg,288.9,1445.0,408.0
Village,Littoral,prudent,10%,BM3,BM3 ALIMENT CHAIR,CHAIR,5kg,111.7,1117.0,408.0
Village,Littoral,prudent,10%,BM3,BM3 ALIMENT CHAIR,CHAIR,10kg,260.7,1304.0,408.0
Village,Littoral,prudent,10%,BM1E,BM1 EXTRA,CHAIR,5kg,22.1,221.0,408.0
Village,Littoral,prudent,10%,BM1E,BM1 EXTRA,CHAIR,10kg,51.6,258.0,408.0
Village,Littoral,prudent,10%,AM1,AM1 ALIMENT PONTE,PONTE,5kg,4.6,46.0,408.0
Village,Littoral,prudent,10%,AM1,AM1 ALIMENT PONTE,PONTE,10kg,10.7,53.0,408.0
Village,Littoral,prudent,10%,AM2,AM2 ALIMENT PONTE,PONTE,5kg,0.6,6.0,408.0
Village,Littoral,prudent,10%,AM2,AM2 ALIMENT PONTE,PONTE,10kg,1.3,7.0,408.0
Village,Littoral,prudent,10%,AM3,AM3 ALIMENT PONTE,PONTE,5kg,10.3,103.0,408.0
Village,Littoral,prudent,10%,AM3,AM3 ALIMENT PONTE,PONTE,10kg,23.9,120.0,408.0
Village,Littoral,realiste,30%,BM1,BM1 ALIMENT CHAIR,CHAIR,5kg,282.0,2820.0,1224.0
Village,Littoral,realiste,30%,BM1,BM1 ALIMENT CHAIR,CHAIR,10kg,658.1,3291.0,1224.0
Village,Littoral,realiste,30%,BM2,BM2 ALIMENT CHAIR,CHAIR,5kg,371.5,3715.0,1224.0
Village,Littoral,realiste,30%,BM2,BM2 ALIMENT CHAIR,CHAIR,10kg,866.8,4334.0,1224.0
Village,Littoral,realiste,30%,BM3,BM3 ALIMENT CHAIR,CHAIR,5kg,335.2,3352.0,1224.0
Village,Littoral,realiste,30%,BM3,BM3 ALIMENT CHAIR,CHAIR,10kg,782.2,3911.0,1224.0
Village,Littoral,realiste,30%,BM1E,BM1 EXTRA,CHAIR,5kg,66.3,663.0,1224.0
Village,Littoral,realiste,30%,BM1E,BM1 EXTRA,CHAIR,10kg,154.7,774.0,1224.0
Village,Littoral,realiste,30%,AM1,AM1 ALIMENT PONTE,PONTE,5kg,13.7,137.0,1224.0
Village,Littoral,realiste,30%,AM1,AM1 ALIMENT PONTE,PONTE,10kg,32.0,160.0,1224.0
Village,Littoral,realiste,30%,AM2,AM2 ALIMENT PONTE,PONTE,5kg,1.7,17.0,1224.0
Village,Littoral,realiste,30%,AM2,AM2 ALIMENT PONTE,PONTE,10kg,4.0,20.0,1224.0
Village,Littoral,realiste,30%,AM3,AM3 ALIMENT PONTE,PONTE,5kg,30.8,308.0,1224.0
Village,Littoral,realiste,30%,AM3,AM3 ALIMENT PONTE,PONTE,10kg,71.8,359.0,1224.0
Village,Littoral,optimiste,50%,BM1,BM1 ALIMENT CHAIR,CHAIR,5kg,470.1,4701.0,2040.0
Village,Littoral,optimiste,50%,BM1,BM1 ALIMENT CHAIR,CHAIR,10kg,1096.9,5484.0,2040.0
Village,Littoral,optimiste,50%,BM2,BM2 ALIMENT CHAIR,CHAIR,5kg,619.2,6192.0,2040.0
Village,Littoral,optimiste,50%,BM2,BM2 ALIMENT CHAIR,CHAIR,10kg,1444.7,7224.0,2040.0
Village,Littoral,optimiste,50%,BM3,BM3 ALIMENT CHAIR,CHAIR,5kg,558.7,5587.0,2040.0
Village,Littoral,optimiste,50%,BM3,BM3 ALIMENT CHAIR,CHAIR,10kg,1303.7,6519.0,2040.0
Village,Littoral,optimiste,50%,BM1E,BM1 EXTRA,CHAIR,5kg,110.5,1105.0,2040.0
Village,Littoral,optimiste,50%,BM1E,BM1 EXTRA,CHAIR,10kg,257.9,1289.0,2040.0
Village,Littoral,optimiste,50%,AM1,AM1 ALIMENT PONTE,PONTE,5kg,22.9,229.0,2040.0
Village,Littoral,optimiste,50%,AM1,AM1 ALIMENT PONTE,PONTE,10kg,53.3,267.0,2040.0
Village,Littoral,optimiste,50%,AM2,AM2 ALIMENT PONTE,PONTE,5kg,2.9,29.0,2040.0
Village,Littoral,optimiste,50%,AM2,AM2 ALIMENT PONTE,PONTE,10kg,6.7,34.0,2040.0
Village,Littoral,optimiste,50%,AM3,AM3 ALIMENT PONTE,PONTE,5kg,51.3,513.0,2040.0
Village,Littoral,optimiste,50%,AM3,AM3 ALIMENT PONTE,PONTE,10kg,119.7,598.0,2040.0
Ahala,Centre,prudent,10%,BM1,BM1 ALIMENT CHAIR,CHAIR,5kg,72.5,725.0,393.0
Ahala,Centre,prudent,10%,BM1,BM1 ALIMENT CHAIR,CHAIR,10kg,169.1,846.0,393.0
Ahala,Centre,prudent,10%,BM2,BM2 ALIMENT CHAIR,CHAIR,5kg,95.5,955.0,393.0
Ahala,Centre,prudent,10%,BM2,BM2 ALIMENT CHAIR,CHAIR,10kg,222.8,1114.0,393.0
Ahala,Centre,prudent,10%,BM3,BM3 ALIMENT CHAIR,CHAIR,5kg,86.2,862.0,393.0
Ahala,Centre,prudent,10%,BM3,BM3 ALIMENT CHAIR,CHAIR,10kg,201.0,1005.0,393.0
Ahala,Centre,prudent,10%,BM1E,BM1 EXTRA,CHAIR,5kg,17.0,170.0,393.0
Ahala,Centre,prudent,10%,BM1E,BM1 EXTRA,CHAIR,10kg,39.8,199.0,393.0
Ahala,Centre,prudent,10%,AM1,AM1 ALIMENT PONTE,PONTE,5kg,24.4,244.0,393.0
Ahala,Centre,prudent,10%,AM1,AM1 ALIMENT PONTE,PONTE,10kg,57.0,285.0,393.0
Ahala,Centre,prudent,10%,AM2,AM2 ALIMENT PONTE,PONTE,5kg,3.1,31.0,393.0
Ahala,Centre,prudent,10%,AM2,AM2 ALIMENT PONTE,PONTE,10kg,7.2,36.0,393.0
Ahala,Centre,prudent,10%,AM3,AM3 ALIMENT PONTE,PONTE,5kg,54.8,548.0,393.0
Ahala,Centre,prudent,10%,AM3,AM3 ALIMENT PONTE,PONTE,10kg,127.9,640.0,393.0
Ahala,Centre,realiste,30%,BM1,BM1 ALIMENT CHAIR,CHAIR,5kg,217.5,2175.0,1178.0
Ahala,Centre,realiste,30%,BM1,BM1 ALIMENT CHAIR,CHAIR,10kg,507.4,2537.0,1178.0
Ahala,Centre,realiste,30%,BM2,BM2 ALIMENT CHAIR,CHAIR,5kg,286.4,2864.0,1178.0
Ahala,Centre,realiste,30%,BM2,BM2 ALIMENT CHAIR,CHAIR,10kg,668.3,3342.0,1178.0
Ahala,Centre,realiste,30%,BM3,BM3 ALIMENT CHAIR,CHAIR,5kg,258.5,2585.0,1178.0
Ahala,Centre,realiste,30%,BM3,BM3 ALIMENT CHAIR,CHAIR,10kg,603.1,3016.0,1178.0
Ahala,Centre,realiste,30%,BM1E,BM1 EXTRA,CHAIR,5kg,51.1,511.0,1178.0
Ahala,Centre,realiste,30%,BM1E,BM1 EXTRA,CHAIR,10kg,119.3,597.0,1178.0
Ahala,Centre,realiste,30%,AM1,AM1 ALIMENT PONTE,PONTE,5kg,73.3,733.0,1178.0
Ahala,Centre,realiste,30%,AM1,AM1 ALIMENT PONTE,PONTE,10kg,171.1,855.0,1178.0
Ahala,Centre,realiste,30%,AM2,AM2 ALIMENT PONTE,PONTE,5kg,9.2,92.0,1178.0
Ahala,Centre,realiste,30%,AM2,AM2 ALIMENT PONTE,PONTE,10kg,21.6,108.0,1178.0
Ahala,Centre,realiste,30%,AM3,AM3 ALIMENT PONTE,PONTE,5kg,164.5,1645.0,1178.0
Ahala,Centre,realiste,30%,AM3,AM3 ALIMENT PONTE,PONTE,10kg,383.8,1919.0,1178.0
Ahala,Centre,optimiste,50%,BM1,BM1 ALIMENT CHAIR,CHAIR,5kg,362.4,3624.0,1964.0
Ahala,Centre,optimiste,50%,BM1,BM1 ALIMENT CHAIR,CHAIR,10kg,845.7,4228.0,1964.0
Ahala,Centre,optimiste,50%,BM2,BM2 ALIMENT CHAIR,CHAIR,5kg,477.4,4774.0,1964.0
Ahala,Centre,optimiste,50%,BM2,BM2 ALIMENT CHAIR,CHAIR,10kg,1113.9,5569.0,1964.0
Ahala,Centre,optimiste,50%,BM3,BM3 ALIMENT CHAIR,CHAIR,5kg,430.8,4308.0,1964.0
Ahala,Centre,optimiste,50%,BM3,BM3 ALIMENT CHAIR,CHAIR,10kg,1005.2,5026.0,1964.0
Ahala,Centre,optimiste,50%,BM1E,BM1 EXTRA,CHAIR,5kg,85.2,852.0,1964.0
Ahala,Centre,optimiste,50%,BM1E,BM1 EXTRA,CHAIR,10kg,198.8,994.0,1964.0
Ahala,Centre,optimiste,50%,AM1,AM1 ALIMENT PONTE,PONTE,5kg,122.2,1222.0,1964.0
Ahala,Centre,optimiste,50%,AM1,AM1 ALIMENT PONTE,PONTE,10kg,285.1,1426.0,1964.0
Ahala,Centre,optimiste,50%,AM2,AM2 ALIMENT PONTE,PONTE,5kg,15.4,154.0,1964.0
Ahala,Centre,optimiste,50%,AM2,AM2 ALIMENT PONTE,PONTE,10kg,35.9,180.0,1964.0
Ahala,Centre,optimiste,50%,AM3,AM3 ALIMENT PONTE,PONTE,5kg,274.2,2742.0,1964.0
Ahala,Centre,optimiste,50%,AM3,AM3 ALIMENT PONTE,PONTE,10kg,639.7,3199.0,1964.0
Nkongsamba,Littoral,prudent,10%,BM1,BM1 ALIMENT CHAIR,CHAIR,5kg,83.4,834.0,364.0
Nkongsamba,Littoral,prudent,10%,BM1,BM1 ALIMENT CHAIR,CHAIR,10kg,194.7,974.0,364.0
Nkongsamba,Littoral,prudent,10%,BM2,BM2 ALIMENT CHAIR,CHAIR,5kg,109.9,1099.0,364.0
Nkongsamba,Littoral,prudent,10%,BM2,BM2 ALIMENT CHAIR,CHAIR,10kg,256.5,1282.0,364.0
Nkongsamba,Littoral,prudent,10%,BM3,BM3 ALIMENT CHAIR,CHAIR,5kg,99.2,992.0,364.0
Nkongsamba,Littoral,prudent,10%,BM3,BM3 ALIMENT CHAIR,CHAIR,10kg,231.4,1157.0,364.0
Nkongsamba,Littoral,prudent,10%,BM1E,BM1 EXTRA,CHAIR,5kg,19.6,196.0,364.0
Nkongsamba,Littoral,prudent,10%,BM1E,BM1 EXTRA,CHAIR,10kg,45.8,229.0,364.0
Nkongsamba,Littoral,prudent,10%,AM1,AM1 ALIMENT PONTE,PONTE,5kg,4.7,47.0,364.0
Nkongsamba,Littoral,prudent,10%,AM1,AM1 ALIMENT PONTE,PONTE,10kg,11.0,55.0,364.0
Nkongsamba,Littoral,prudent,10%,AM2,AM2 ALIMENT PONTE,PONTE,5kg,0.6,6.0,364.0
Nkongsamba,Littoral,prudent,10%,AM2,AM2 ALIMENT PONTE,PONTE,10kg,1.4,7.0,364.0
Nkongsamba,Littoral,prudent,10%,AM3,AM3 ALIMENT PONTE,PONTE,5kg,10.6,106.0,364.0
Nkongsamba,Littoral,prudent,10%,AM3,AM3 ALIMENT PONTE,PONTE,10kg,24.7,123.0,364.0
Nkongsamba,Littoral,realiste,30%,BM1,BM1 ALIMENT CHAIR,CHAIR,5kg,250.3,2503.0,1094.0
Nkongsamba,Littoral,realiste,30%,BM1,BM1 ALIMENT CHAIR,CHAIR,10kg,584.1,2921.0,1094.0
Nkongsamba,Littoral,realiste,30%,BM2,BM2 ALIMENT CHAIR,CHAIR,5kg,329.7,3297.0,1094.0
Nkongsamba,Littoral,realiste,30%,BM2,BM2 ALIMENT CHAIR,CHAIR,10kg,769.4,3847.0,1094.0
Nkongsamba,Littoral,realiste,30%,BM3,BM3 ALIMENT CHAIR,CHAIR,5kg,297.6,2976.0,1094.0
Nkongsamba,Littoral,realiste,30%,BM3,BM3 ALIMENT CHAIR,CHAIR,10kg,694.3,3471.0,1094.0
Nkongsamba,Littoral,realiste,30%,BM1E,BM1 EXTRA,CHAIR,5kg,58.9,589.0,1094.0
Nkongsamba,Littoral,realiste,30%,BM1E,BM1 EXTRA,CHAIR,10kg,137.3,687.0,1094.0
Nkongsamba,Littoral,realiste,30%,AM1,AM1 ALIMENT PONTE,PONTE,5kg,14.1,141.0,1094.0
Nkongsamba,Littoral,realiste,30%,AM1,AM1 ALIMENT PONTE,PONTE,10kg,33.0,165.0,1094.0
Nkongsamba,Littoral,realiste,30%,AM2,AM2 ALIMENT PONTE,PONTE,5kg,1.8,18.0,1094.0
Nkongsamba,Littoral,realiste,30%,AM2,AM2 ALIMENT PONTE,PONTE,10kg,4.2,21.0,1094.0
Nkongsamba,Littoral,realiste,30%,AM3,AM3 ALIMENT PONTE,PONTE,5kg,31.7,317.0,1094.0
Nkongsamba,Littoral,realiste,30%,AM3,AM3 ALIMENT PONTE,PONTE,10kg,74.1,370.0,1094.0
Nkongsamba,Littoral,optimiste,50%,BM1,BM1 ALIMENT CHAIR,CHAIR,5kg,417.2,4172.0,1822.0
Nkongsamba,Littoral,optimiste,50%,BM1,BM1 ALIMENT CHAIR,CHAIR,10kg,973.5,4868.0,1822.0
Nkongsamba,Littoral,optimiste,50%,BM2,BM2 ALIMENT CHAIR,CHAIR,5kg,549.6,5496.0,1822.0
Nkongsamba,Littoral,optimiste,50%,BM2,BM2 ALIMENT CHAIR,CHAIR,10kg,1282.3,6412.0,1822.0
Nkongsamba,Littoral,optimiste,50%,BM3,BM3 ALIMENT CHAIR,CHAIR,5kg,495.9,4959.0,1822.0
Nkongsamba,Littoral,optimiste,50%,BM3,BM3 ALIMENT CHAIR,CHAIR,10kg,1157.1,5786.0,1822.0
Nkongsamba,Littoral,optimiste,50%,BM1E,BM1 EXTRA,CHAIR,5kg,98.1,981.0,1822.0
Nkongsamba,Littoral,optimiste,50%,BM1E,BM1 EXTRA,CHAIR,10kg,228.9,1144.0,1822.0
Nkongsamba,Littoral,optimiste,50%,AM1,AM1 ALIMENT PONTE,PONTE,5kg,23.6,236.0,1822.0
Nkongsamba,Littoral,optimiste,50%,AM1,AM1 ALIMENT PONTE,PONTE,10kg,55.0,275.0,1822.0
Nkongsamba,Littoral,optimiste,50%,AM2,AM2 ALIMENT PONTE,PONTE,5kg,3.0,30.0,1822.0
Nkongsamba,Littoral,optimiste,50%,AM2,AM2 ALIMENT PONTE,PONTE,10kg,6.9,35.0,1822.0
Nkongsamba,Littoral,optimiste,50%,AM3,AM3 ALIMENT PONTE,PONTE,5kg,52.9,529.0,1822.0
Nkongsamba,Littoral,optimiste,50%,AM3,AM3 ALIMENT PONTE,PONTE,10kg,123.4,617.0,1822.0
Bertoua,Centre,prudent,10%,BM1,BM1 ALIMENT CHAIR,CHAIR,5kg,54.0,540.0,327.0
Bertoua,Centre,prudent,10%,BM1,BM1 ALIMENT CHAIR,CHAIR,10kg,126.0,630.0,327.0
Bertoua,Centre,prudent,10%,BM2,BM2 ALIMENT CHAIR,CHAIR,5kg,71.1,711.0,327.0
Bertoua,Centre,prudent,10%,BM2,BM2 ALIMENT CHAIR,CHAIR,10kg,166.0,830.0,327.0
Bertoua,Centre,prudent,10%,BM3,BM3 ALIMENT CHAIR,CHAIR,5kg,64.2,642.0,327.0
Bertoua,Centre,prudent,10%,BM3,BM3 ALIMENT CHAIR,CHAIR,10kg,149.8,749.0,327.0
Bertoua,Centre,prudent,10%,BM1E,BM1 EXTRA,CHAIR,5kg,12.7,127.0,327.0
Bertoua,Centre,prudent,10%,BM1E,BM1 EXTRA,CHAIR,10kg,29.6,148.0,327.0
Bertoua,Centre,prudent,10%,AM1,AM1 ALIMENT PONTE,PONTE,5kg,27.4,274.0,327.0
Bertoua,Centre,prudent,10%,AM1,AM1 ALIMENT PONTE,PONTE,10kg,64.0,320.0,327.0
Bertoua,Centre,prudent,10%,AM2,AM2 ALIMENT PONTE,PONTE,5kg,3.5,35.0,327.0
Bertoua,Centre,prudent,10%,AM2,AM2 ALIMENT PONTE,PONTE,10kg,8.1,40.0,327.0
Bertoua,Centre,prudent,10%,AM3,AM3 ALIMENT PONTE,PONTE,5kg,61.5,615.0,327.0
Bertoua,Centre,prudent,10%,AM3,AM3 ALIMENT PONTE,PONTE,10kg,143.5,718.0,327.0
Bertoua,Centre,realiste,30%,BM1,BM1 ALIMENT CHAIR,CHAIR,5kg,162.0,1620.0,981.0
Bertoua,Centre,realiste,30%,BM1,BM1 ALIMENT CHAIR,CHAIR,10kg,378.0,1890.0,981.0
Bertoua,Centre,realiste,30%,BM2,BM2 ALIMENT CHAIR,CHAIR,5kg,213.4,2134.0,981.0
Bertoua,Centre,realiste,30%,BM2,BM2 ALIMENT CHAIR,CHAIR,10kg,497.9,2490.0,981.0
Bertoua,Centre,realiste,30%,BM3,BM3 ALIMENT CHAIR,CHAIR,5kg,192.6,1926.0,981.0
Bertoua,Centre,realiste,30%,BM3,BM3 ALIMENT CHAIR,CHAIR,10kg,449.3,2247.0,981.0
Bertoua,Centre,realiste,30%,BM1E,BM1 EXTRA,CHAIR,5kg,38.1,381.0,981.0
Bertoua,Centre,realiste,30%,BM1E,BM1 EXTRA,CHAIR,10kg,88.9,444.0,981.0
Bertoua,Centre,realiste,30%,AM1,AM1 ALIMENT PONTE,PONTE,5kg,82.2,822.0,981.0
Bertoua,Centre,realiste,30%,AM1,AM1 ALIMENT PONTE,PONTE,10kg,191.9,959.0,981.0
Bertoua,Centre,realiste,30%,AM2,AM2 ALIMENT PONTE,PONTE,5kg,10.4,104.0,981.0
Bertoua,Centre,realiste,30%,AM2,AM2 ALIMENT PONTE,PONTE,10kg,24.2,121.0,981.0
Bertoua,Centre,realiste,30%,AM3,AM3 ALIMENT PONTE,PONTE,5kg,184.5,1845.0,981.0
Bertoua,Centre,realiste,30%,AM3,AM3 ALIMENT PONTE,PONTE,10kg,430.5,2153.0,981.0
Bertoua,Centre,optimiste,50%,BM1,BM1 ALIMENT CHAIR,CHAIR,5kg,270.0,2700.0,1636.0
Bertoua,Centre,optimiste,50%,BM1,BM1 ALIMENT CHAIR,CHAIR,10kg,630.1,3150.0,1636.0
Bertoua,Centre,optimiste,50%,BM2,BM2 ALIMENT CHAIR,CHAIR,5kg,355.7,3557.0,1636.0
Bertoua,Centre,optimiste,50%,BM2,BM2 ALIMENT CHAIR,CHAIR,10kg,829.9,4149.0,1636.0
Bertoua,Centre,optimiste,50%,BM3,BM3 ALIMENT CHAIR,CHAIR,5kg,320.9,3209.0,1636.0
Bertoua,Centre,optimiste,50%,BM3,BM3 ALIMENT CHAIR,CHAIR,10kg,748.9,3744.0,1636.0
Bertoua,Centre,optimiste,50%,BM1E,BM1 EXTRA,CHAIR,5kg,63.5,635.0,1636.0
Bertoua,Centre,optimiste,50%,BM1E,BM1 EXTRA,CHAIR,10kg,148.1,741.0,1636.0
Bertoua,Centre,optimiste,50%,AM1,AM1 ALIMENT PONTE,PONTE,5kg,137.1,1371.0,1636.0
Bertoua,Centre,optimiste,50%,AM1,AM1 ALIMENT PONTE,PONTE,10kg,319.8,1599.0,1636.0
Bertoua,Centre,optimiste,50%,AM2,AM2 ALIMENT PONTE,PONTE,5kg,17.3,173.0,1636.0
Bertoua,Centre,optimiste,50%,AM2,AM2 ALIMENT PONTE,PONTE,10kg,40.3,202.0,1636.0
Bertoua,Centre,optimiste,50%,AM3,AM3 ALIMENT PONTE,PONTE,5kg,307.5,3075.0,1636.0
Bertoua,Centre,optimiste,50%,AM3,AM3 ALIMENT PONTE,PONTE,10kg,717.5,3588.0,1636.0
Nkoabang,Centre,prudent,10%,BM1,BM1 ALIMENT CHAIR,CHAIR,5kg,52.0,520.0,259.0
Nkoabang,Centre,prudent,10%,BM1,BM1 ALIMENT CHAIR,CHAIR,10kg,121.2,606.0,259.0
Nkoabang,Centre,prudent,10%,BM2,BM2 ALIMENT CHAIR,CHAIR,5kg,68.4,684.0,259.0
Nkoabang,Centre,prudent,10%,BM2,BM2 ALIMENT CHAIR,CHAIR,10kg,159.7,798.0,259.0
Nkoabang,Centre,prudent,10%,BM3,BM3 ALIMENT CHAIR,CHAIR,5kg,61.8,618.0,259.0
Nkoabang,Centre,prudent,10%,BM3,BM3 ALIMENT CHAIR,CHAIR,10kg,144.1,721.0,259.0
Nkoabang,Centre,prudent,10%,BM1E,BM1 EXTRA,CHAIR,5kg,12.2,122.0,259.0
Nkoabang,Centre,prudent,10%,BM1E,BM1 EXTRA,CHAIR,10kg,28.5,143.0,259.0
Nkoabang,Centre,prudent,10%,AM1,AM1 ALIMENT PONTE,PONTE,5kg,11.6,116.0,259.0
Nkoabang,Centre,prudent,10%,AM1,AM1 ALIMENT PONTE,PONTE,10kg,27.1,135.0,259.0
Nkoabang,Centre,prudent,10%,AM2,AM2 ALIMENT PONTE,PONTE,5kg,1.5,15.0,259.0
Nkoabang,Centre,prudent,10%,AM2,AM2 ALIMENT PONTE,PONTE,10kg,3.4,17.0,259.0
Nkoabang,Centre,prudent,10%,AM3,AM3 ALIMENT PONTE,PONTE,5kg,26.0,260.0,259.0
Nkoabang,Centre,prudent,10%,AM3,AM3 ALIMENT PONTE,PONTE,10kg,60.7,304.0,259.0
Nkoabang,Centre,realiste,30%,BM1,BM1 ALIMENT CHAIR,CHAIR,5kg,155.9,1559.0,778.0
Nkoabang,Centre,realiste,30%,BM1,BM1 ALIMENT CHAIR,CHAIR,10kg,363.7,1819.0,778.0
Nkoabang,Centre,realiste,30%,BM2,BM2 ALIMENT CHAIR,CHAIR,5kg,205.3,2053.0,778.0
Nkoabang,Centre,realiste,30%,BM2,BM2 ALIMENT CHAIR,CHAIR,10kg,479.1,2395.0,778.0
Nkoabang,Centre,realiste,30%,BM3,BM3 ALIMENT CHAIR,CHAIR,5kg,185.3,1853.0,778.0
Nkoabang,Centre,realiste,30%,BM3,BM3 ALIMENT CHAIR,CHAIR,10kg,432.3,2162.0,778.0
Nkoabang,Centre,realiste,30%,BM1E,BM1 EXTRA,CHAIR,5kg,36.7,367.0,778.0
Nkoabang,Centre,realiste,30%,BM1E,BM1 EXTRA,CHAIR,10kg,85.5,428.0,778.0
Nkoabang,Centre,realiste,30%,AM1,AM1 ALIMENT PONTE,PONTE,5kg,34.8,348.0,778.0
Nkoabang,Centre,realiste,30%,AM1,AM1 ALIMENT PONTE,PONTE,10kg,81.2,406.0,778.0
Nkoabang,Centre,realiste,30%,AM2,AM2 ALIMENT PONTE,PONTE,5kg,4.4,44.0,778.0
Nkoabang,Centre,realiste,30%,AM2,AM2 ALIMENT PONTE,PONTE,10kg,10.2,51.0,778.0
Nkoabang,Centre,realiste,30%,AM3,AM3 ALIMENT PONTE,PONTE,5kg,78.1,781.0,778.0
Nkoabang,Centre,realiste,30%,AM3,AM3 ALIMENT PONTE,PONTE,10kg,182.1,911.0,778.0
Nkoabang,Centre,optimiste,50%,BM1,BM1 ALIMENT CHAIR,CHAIR,5kg,259.8,2598.0,1297.0
Nkoabang,Centre,optimiste,50%,BM1,BM1 ALIMENT CHAIR,CHAIR,10kg,606.2,3031.0,1297.0
Nkoabang,Centre,optimiste,50%,BM2,BM2 ALIMENT CHAIR,CHAIR,5kg,342.2,3422.0,1297.0
Nkoabang,Centre,optimiste,50%,BM2,BM2 ALIMENT CHAIR,CHAIR,10kg,798.5,3992.0,1297.0
Nkoabang,Centre,optimiste,50%,BM3,BM3 ALIMENT CHAIR,CHAIR,5kg,308.8,3088.0,1297.0
Nkoabang,Centre,optimiste,50%,BM3,BM3 ALIMENT CHAIR,CHAIR,10kg,720.6,3603.0,1297.0
Nkoabang,Centre,optimiste,50%,BM1E,BM1 EXTRA,CHAIR,5kg,61.1,611.0,1297.0
Nkoabang,Centre,optimiste,50%,BM1E,BM1 EXTRA,CHAIR,10kg,142.5,713.0,1297.0
Nkoabang,Centre,optimiste,50%,AM1,AM1 ALIMENT PONTE,PONTE,5kg,58.0,580.0,1297.0
Nkoabang,Centre,optimiste,50%,AM1,AM1 ALIMENT PONTE,PONTE,10kg,135.3,676.0,1297.0
Nkoabang,Centre,optimiste,50%,AM2,AM2 ALIMENT PONTE,PONTE,5kg,7.3,73.0,1297.0
Nkoabang,Centre,optimiste,50%,AM2,AM2 ALIMENT PONTE,PONTE,10kg,17.1,85.0,1297.0
Nkoabang,Centre,optimiste,50%,AM3,AM3 ALIMENT PONTE,PONTE,5kg,130.1,1301.0,1297.0
Nkoabang,Centre,optimiste,50%,AM3,AM3 ALIMENT PONTE,PONTE,10kg,303.5,1518.0,1297.0
Ngaoundere,Centre,prudent,10%,BM1,BM1 ALIMENT CHAIR,CHAIR,5kg,27.7,277.0,192.0
Ngaoundere,Centre,prudent,10%,BM1,BM1 ALIMENT CHAIR,CHAIR,10kg,64.6,323.0,192.0
Ngaoundere,Centre,prudent,10%,BM2,BM2 ALIMENT CHAIR,CHAIR,5kg,36.5,365.0,192.0
Ngaoundere,Centre,prudent,10%,BM2,BM2 ALIMENT CHAIR,CHAIR,10kg,85.1,426.0,192.0
Ngaoundere,Centre,prudent,10%,BM3,BM3 ALIMENT CHAIR,CHAIR,5kg,32.9,329.0,192.0
Ngaoundere,Centre,prudent,10%,BM3,BM3 ALIMENT CHAIR,CHAIR,10kg,76.8,384.0,192.0
Ngaoundere,Centre,prudent,10%,BM1E,BM1 EXTRA,CHAIR,5kg,6.5,65.0,192.0
Ngaoundere,Centre,prudent,10%,BM1E,BM1 EXTRA,CHAIR,10kg,15.2,76.0,192.0
Ngaoundere,Centre,prudent,10%,AM1,AM1 ALIMENT PONTE,PONTE,5kg,20.7,207.0,192.0
Ngaoundere,Centre,prudent,10%,AM1,AM1 ALIMENT PONTE,PONTE,10kg,48.2,241.0,192.0
Ngaoundere,Centre,prudent,10%,AM2,AM2 ALIMENT PONTE,PONTE,5kg,2.6,26.0,192.0
Ngaoundere,Centre,prudent,10%,AM2,AM2 ALIMENT PONTE,PONTE,10kg,6.1,30.0,192.0
Ngaoundere,Centre,prudent,10%,AM3,AM3 ALIMENT PONTE,PONTE,5kg,46.4,464.0,192.0
Ngaoundere,Centre,prudent,10%,AM3,AM3 ALIMENT PONTE,PONTE,10kg,108.2,541.0,192.0
Ngaoundere,Centre,realiste,30%,BM1,BM1 ALIMENT CHAIR,CHAIR,5kg,83.1,831.0,578.0
Ngaoundere,Centre,realiste,30%,BM1,BM1 ALIMENT CHAIR,CHAIR,10kg,193.9,969.0,578.0
Ngaoundere,Centre,realiste,30%,BM2,BM2 ALIMENT CHAIR,CHAIR,5kg,109.5,1095.0,578.0
Ngaoundere,Centre,realiste,30%,BM2,BM2 ALIMENT CHAIR,CHAIR,10kg,255.4,1277.0,578.0
Ngaoundere,Centre,realiste,30%,BM3,BM3 ALIMENT CHAIR,CHAIR,5kg,98.8,988.0,578.0
Ngaoundere,Centre,realiste,30%,BM3,BM3 ALIMENT CHAIR,CHAIR,10kg,230.5,1152.0,578.0
Ngaoundere,Centre,realiste,30%,BM1E,BM1 EXTRA,CHAIR,5kg,19.5,195.0,578.0
Ngaoundere,Centre,realiste,30%,BM1E,BM1 EXTRA,CHAIR,10kg,45.6,228.0,578.0
Ngaoundere,Centre,realiste,30%,AM1,AM1 ALIMENT PONTE,PONTE,5kg,62.0,620.0,578.0
Ngaoundere,Centre,realiste,30%,AM1,AM1 ALIMENT PONTE,PONTE,10kg,144.6,723.0,578.0
Ngaoundere,Centre,realiste,30%,AM2,AM2 ALIMENT PONTE,PONTE,5kg,7.8,78.0,578.0
Ngaoundere,Centre,realiste,30%,AM2,AM2 ALIMENT PONTE,PONTE,10kg,18.2,91.0,578.0
Ngaoundere,Centre,realiste,30%,AM3,AM3 ALIMENT PONTE,PONTE,5kg,139.1,1391.0,578.0
Ngaoundere,Centre,realiste,30%,AM3,AM3 ALIMENT PONTE,PONTE,10kg,324.5,1623.0,578.0
Ngaoundere,Centre,optimiste,50%,BM1,BM1 ALIMENT CHAIR,CHAIR,5kg,138.5,1385.0,962.0
Ngaoundere,Centre,optimiste,50%,BM1,BM1 ALIMENT CHAIR,CHAIR,10kg,323.2,1616.0,962.0
Ngaoundere,Centre,optimiste,50%,BM2,BM2 ALIMENT CHAIR,CHAIR,5kg,182.4,1824.0,962.0
Ngaoundere,Centre,optimiste,50%,BM2,BM2 ALIMENT CHAIR,CHAIR,10kg,425.6,2128.0,962.0
Ngaoundere,Centre,optimiste,50%,BM3,BM3 ALIMENT CHAIR,CHAIR,5kg,164.6,1646.0,962.0
Ngaoundere,Centre,optimiste,50%,BM3,BM3 ALIMENT CHAIR,CHAIR,10kg,384.1,1921.0,962.0
Ngaoundere,Centre,optimiste,50%,BM1E,BM1 EXTRA,CHAIR,5kg,32.6,326.0,962.0
Ngaoundere,Centre,optimiste,50%,BM1E,BM1 EXTRA,CHAIR,10kg,76.0,380.0,962.0
Ngaoundere,Centre,optimiste,50%,AM1,AM1 ALIMENT PONTE,PONTE,5kg,103.3,1033.0,962.0
Ngaoundere,Centre,optimiste,50%,AM1,AM1 ALIMENT PONTE,PONTE,10kg,241.1,1205.0,962.0
Ngaoundere,Centre,optimiste,50%,AM2,AM2 ALIMENT PONTE,PONTE,5kg,13.0,130.0,962.0
Ngaoundere,Centre,optimiste,50%,AM2,AM2 ALIMENT PONTE,PONTE,10kg,30.4,152.0,962.0
Ngaoundere,Centre,optimiste,50%,AM3,AM3 ALIMENT PONTE,PONTE,5kg,231.8,2318.0,962.0
Ngaoundere,Centre,optimiste,50%,AM3,AM3 ALIMENT PONTE,PONTE,10kg,540.9,2705.0,962.0
Nkolbisson,Centre,prudent,10%,BM1,BM1 ALIMENT CHAIR,CHAIR,5kg,17.4,174.0,107.0
Nkolbisson,Centre,prudent,10%,BM1,BM1 ALIMENT CHAIR,CHAIR,10kg,40.6,203.0,107.0
Nkolbisson,Centre,prudent,10%,BM2,BM2 ALIMENT CHAIR,CHAIR,5kg,22.9,229.0,107.0
Nkolbisson,Centre,prudent,10%,BM2,BM2 ALIMENT CHAIR,CHAIR,10kg,53.4,267.0,107.0
Nkolbisson,Centre,prudent,10%,BM3,BM3 ALIMENT CHAIR,CHAIR,5kg,20.7,207.0,107.0
Nkolbisson,Centre,prudent,10%,BM3,BM3 ALIMENT CHAIR,CHAIR,10kg,48.2,241.0,107.0
Nkolbisson,Centre,prudent,10%,BM1E,BM1 EXTRA,CHAIR,5kg,4.1,41.0,107.0
Nkolbisson,Centre,prudent,10%,BM1E,BM1 EXTRA,CHAIR,10kg,9.5,48.0,107.0
Nkolbisson,Centre,prudent,10%,AM1,AM1 ALIMENT PONTE,PONTE,5kg,9.3,93.0,107.0
Nkolbisson,Centre,prudent,10%,AM1,AM1 ALIMENT PONTE,PONTE,10kg,21.7,109.0,107.0
Nkolbisson,Centre,prudent,10%,AM2,AM2 ALIMENT PONTE,PONTE,5kg,1.2,12.0,107.0
Nkolbisson,Centre,prudent,10%,AM2,AM2 ALIMENT PONTE,PONTE,10kg,2.7,14.0,107.0
Nkolbisson,Centre,prudent,10%,AM3,AM3 ALIMENT PONTE,PONTE,5kg,20.9,209.0,107.0
Nkolbisson,Centre,prudent,10%,AM3,AM3 ALIMENT PONTE,PONTE,10kg,48.7,244.0,107.0
Nkolbisson,Centre,realiste,30%,BM1,BM1 ALIMENT CHAIR,CHAIR,5kg,52.1,521.0,321.0
Nkolbisson,Centre,realiste,30%,BM1,BM1 ALIMENT CHAIR,CHAIR,10kg,121.7,608.0,321.0
Nkolbisson,Centre,realiste,30%,BM2,BM2 ALIMENT CHAIR,CHAIR,5kg,68.7,687.0,321.0
Nkolbisson,Centre,realiste,30%,BM2,BM2 ALIMENT CHAIR,CHAIR,10kg,160.3,801.0,321.0
Nkolbisson,Centre,realiste,30%,BM3,BM3 ALIMENT CHAIR,CHAIR,5kg,62.0,620.0,321.0
Nkolbisson,Centre,realiste,30%,BM3,BM3 ALIMENT CHAIR,CHAIR,10kg,144.6,723.0,321.0
Nkolbisson,Centre,realiste,30%,BM1E,BM1 EXTRA,CHAIR,5kg,12.3,123.0,321.0
Nkolbisson,Centre,realiste,30%,BM1E,BM1 EXTRA,CHAIR,10kg,28.6,143.0,321.0
Nkolbisson,Centre,realiste,30%,AM1,AM1 ALIMENT PONTE,PONTE,5kg,27.9,279.0,321.0
Nkolbisson,Centre,realiste,30%,AM1,AM1 ALIMENT PONTE,PONTE,10kg,65.2,326.0,321.0
Nkolbisson,Centre,realiste,30%,AM2,AM2 ALIMENT PONTE,PONTE,5kg,3.5,35.0,321.0
Nkolbisson,Centre,realiste,30%,AM2,AM2 ALIMENT PONTE,PONTE,10kg,8.2,41.0,321.0
Nkolbisson,Centre,realiste,30%,AM3,AM3 ALIMENT PONTE,PONTE,5kg,62.7,627.0,321.0
Nkolbisson,Centre,realiste,30%,AM3,AM3 ALIMENT PONTE,PONTE,10kg,146.2,731.0,321.0
Nkolbisson,Centre,optimiste,50%,BM1,BM1 ALIMENT CHAIR,CHAIR,5kg,86.9,869.0,536.0
Nkolbisson,Centre,optimiste,50%,BM1,BM1 ALIMENT CHAIR,CHAIR,10kg,202.8,1014.0,536.0
Nkolbisson,Centre,optimiste,50%,BM2,BM2 ALIMENT CHAIR,CHAIR,5kg,114.5,1145.0,536.0
Nkolbisson,Centre,optimiste,50%,BM2,BM2 ALIMENT CHAIR,CHAIR,10kg,267.1,1335.0,536.0
Nkolbisson,Centre,optimiste,50%,BM3,BM3 ALIMENT CHAIR,CHAIR,5kg,103.3,1033.0,536.0
Nkolbisson,Centre,optimiste,50%,BM3,BM3 ALIMENT CHAIR,CHAIR,10kg,241.0,1205.0,536.0
Nkolbisson,Centre,optimiste,50%,BM1E,BM1 EXTRA,CHAIR,5kg,20.4,204.0,536.0
Nkolbisson,Centre,optimiste,50%,BM1E,BM1 EXTRA,CHAIR,10kg,47.7,238.0,536.0
Nkolbisson,Centre,optimiste,50%,AM1,AM1 ALIMENT PONTE,PONTE,5kg,46.5,465.0,536.0
Nkolbisson,Centre,optimiste,50%,AM1,AM1 ALIMENT PONTE,PONTE,10kg,108.6,543.0,536.0
Nkolbisson,Centre,optimiste,50%,AM2,AM2 ALIMENT PONTE,PONTE,5kg,5.9,59.0,536.0
Nkolbisson,Centre,optimiste,50%,AM2,AM2 ALIMENT PONTE,PONTE,10kg,13.7,68.0,536.0
Nkolbisson,Centre,optimiste,50%,AM3,AM3 ALIMENT PONTE,PONTE,5kg,104.4,1044.0,536.0
Nkolbisson,Centre,optimiste,50%,AM3,AM3 ALIMENT PONTE,PONTE,10kg,243.7,1218.0,536.0
